name,datetime,temp,feelslike,dew,humidity,precip,precipprob,preciptype,snow,snowdepth,windgust,windspeed,winddir,sealevelpressure,cloudcover,visibility,solarradiation,solarenergy,uvindex,severerisk,conditions,icon,stations
"New York, NY, United States",2022-01-16T00:00:00,12.5,-1.3,-2.7,49.97,0,0,,0,0,23.5,11.2,27,1030.2,0,9.9,0,,0,10,Clear,clear-night,"72505394728,KLGA,KNYC,72503014732"
"New York, NY, United States",2022-01-16T01:00:00,11.8,-1.2,-3.2,50.19,0,0,,0,0,17.2,9.9,25,1029.1,0,9.9,0,,0,10,Clear,clear-night,"72505394728,KLGA,KNYC,72503014732"
"New York, NY, United States",2022-01-16T02:00:00,11.5,-0.6,-3.7,49.61,0,0,,0,0,21.7,8.7,3,1030,0,9.9,0,,0,10,Clear,clear-night,"72505394728,KLGA,KNYC,72503014732"
"New York, NY, United States",2022-01-16T03:00:00,10.6,-1.7,-4,50.91,0,0,,0,0,15.7,8.7,353,1029.8,0,9.9,0,,0,10,Clear,clear-night,"72505394728,KLGA,KNYC,72503014732"
"New York, NY, United States",2022-01-16T04:00:00,10.6,2.1,-3.2,52.93,0,0,,0,0,7.6,4.9,10,1029.9,0,9.9,0,,0,10,Clear,clear-night,"72505394728,KLGA,KNYC,72503014732"
"New York, NY, United States",2022-01-16T05:00:00,10.4,-0.9,-2.3,55.96,0,0,,0,0,15.9,7.3,17,1029.6,0,9.9,0,,0,10,Clear,clear-night,"72505394728,KLGA,KNYC,72503014732"
"New York, NY, United States",2022-01-16T06:00:00,10.8,0,-1.6,56.67,0,0,,0,0,13.4,6.9,27,1029.9,0,9.9,0,,0,10,Clear,clear-night,"72505394728,KLGA,KNYC,72503014732"
"New York, NY, United States",2022-01-16T07:00:00,10.8,-0.3,-5.4,47.28,0,0,,0,0,12.1,7.2,37,1030,7.2,9.9,2,0,0,10,Clear,clear-night,"72505394728,KLGA,F8726,KNYC,72503014732"
"New York, NY, United States",2022-01-16T08:00:00,11,0.9,-3.7,50.68,0,0,,0,0,7.6,6.3,40,1030.2,7.2,9.9,28,0.1,0,10,Clear,clear-day,"72505394728,KLGA,F1417,KNYC,72503014732"
"New York, NY, United States",2022-01-16T09:00:00,12.8,4.4,1,58.55,0,0,,0,0,10.7,5.2,51,1030.5,39.1,9.9,98,0.4,1,10,Partially cloudy,partly-cloudy-day,"72505394728,KLGA,F1417,KNYC,72503014732"
"New York, NY, United States",2022-01-16T10:00:00,16.1,8.4,3.8,57.87,0,0,,0,0,6.5,5,18,1030.2,97,9.9,166,0.6,2,10,Overcast,cloudy,"72505394728,KLGA,F1417,KNYC,72503014732"
"New York, NY, United States",2022-01-16T11:00:00,19.3,9,6.6,57.17,0,0,,0,0,8.9,8.5,43,1028.5,88.8,9.9,372,1.3,4,10,Partially cloudy,partly-cloudy-day,"72505394728,KLGA,F1417,KNYC,72503014732"
"New York, NY, United States",2022-01-16T12:00:00,21.7,12.1,9,57.46,0,0,,0,0,12.1,8.3,41,1027.3,88.8,9.9,350,1.3,4,10,Partially cloudy,partly-cloudy-day,"72505394728,KLGA,F1417,KNYC,72503014732"
"New York, NY, United States",2022-01-16T13:00:00,23.9,16.4,12.1,60.42,0,0,,0,0,11.4,6.2,40,1025.9,97,9.9,219,0.8,2,10,Overcast,cloudy,"72505394728,KLGA,F1417,KNYC,72503014732"
"New York, NY, United States",2022-01-16T14:00:00,25.1,16.4,16.3,69.02,0,0,,0,0,14.3,8,40,1024.9,90.7,9.9,168,0.6,2,10,Overcast,cloudy,"72505394728,KLGA,F1417,KNYC,72503014732"
"New York, NY, United States",2022-01-16T15:00:00,25.3,15.4,18.3,74.23,0,0,,0,0,16.1,10.2,47,1023.5,62.3,9.9,106,0.4,1,10,Partially cloudy,partly-cloudy-day,"72505394728,KLGA,F1417,KNYC,72503014732"
"New York, NY, United States",2022-01-16T16:00:00,27,14.6,20.4,76.09,0,0,,0,0,23,16.4,60,1021.5,90.7,9.9,34,0.1,0,10,Overcast,cloudy,"72505394728,KLGA,F1417,KNYC,72503014732"
"New York, NY, United States",2022-01-16T17:00:00,29.4,20.2,23,76.65,0,0,,0,0,23.5,10.6,75,1021.2,100,9.9,9,0,0,10,Overcast,cloudy,"72505394728,KLGA,F1417,KNYC,72503014732"
"New York, NY, United States",2022-01-16T18:00:00,31.1,22,23,71.46,0,0,,0,0,20.8,11.4,75,1019.8,100,9.9,29,0.1,0,10,Overcast,cloudy,"72505394728,E5816,KLGA,KNYC,72503014732"
"New York, NY, United States",2022-01-16T19:00:00,32.5,24.4,24.8,72.94,0,0,,0,0,24.8,10.1,66,1018.7,100,4.1,0,,0,10,Overcast,cloudy,"72505394728,KLGA,KNYC,72503014732"
"New York, NY, United States",2022-01-16T20:00:00,31.1,20.6,28.5,89.75,0.02,100,"rain,snow",0,0.16,20.8,14.6,56,1016.4,100,1,0,,0,10,"Snow, Rain, Overcast",snow,"72505394728,KLGA,KNYC,72503014732"
"New York, NY, United States",2022-01-16T21:00:00,32.3,22.4,29.7,89.97,0.034,100,"rain,snow",0,0.39,24.4,13.9,67,1013.9,100,1.4,0,,0,10,"Snow, Rain, Overcast",rain,"72505394728,KLGA,KNYC,72503014732"
"New York, NY, United States",2022-01-16T22:00:00,33.4,24.7,30.8,90.13,0.072,100,"rain,snow",0,0.39,18.3,11.6,57,1011.7,100,2.7,0,,0,10,"Snow, Rain, Overcast",rain,"72505394728,KLGA,KNYC,72503014732"
"New York, NY, United States",2022-01-16T23:00:00,35.3,24.8,33.2,91.8,0.093,100,"rain,snow",0,0.24,25.3,18.2,60,1008.2,100,4.6,0,,0,10,"Snow, Rain, Overcast",rain,"72505394728,KLGA,KNYC,72503014732"
"New York, NY, United States",2022-01-17T00:00:00,37.9,29.5,35.1,89.62,0.132,100,rain,0,0.04,21.1,13.6,70,1004.6,100,3.9,0,,0,10,"Rain, Overcast",rain,"72505394728,KLGA,KNYC,72503014732"
"New York, NY, United States",2022-01-17T01:00:00,38.8,30.3,37.1,93.59,0.169,100,rain,0,0,23.8,15.2,55,1000.8,100,3.2,0,,0,10,"Rain, Overcast",rain,"72505394728,KLGA,KNYC,72503014732"
"New York, NY, United States",2022-01-17T02:00:00,39.8,30.7,37.4,90.95,0.159,100,rain,0,0,29.3,18.3,63,996.4,100,3.2,0,,0,10,"Rain, Overcast",rain,"72505394728,KLGA,KNYC,72503014732"
"New York, NY, United States",2022-01-17T03:00:00,39.5,29.4,37.5,92.48,0.1,100,rain,0,0,35.3,21.7,64,992.3,100,3.7,0,,0,10,"Rain, Overcast",rain,"72505394728,KLGA,KNYC,72503014732"
"New York, NY, United States",2022-01-17T04:00:00,40.1,30.3,38,92.1,0.244,100,rain,0,0,32.1,21.4,60,991.2,100,1.9,0,,0,10,"Rain, Overcast",rain,"72505394728,KLGA,KNYC,72503014732"
"New York, NY, United States",2022-01-17T05:00:00,40.1,32.4,38.4,93.51,0.19,100,rain,0,0,34.6,13.9,58,988.2,100,2.3,0,,0,10,"Rain, Overcast",rain,"72505394728,KLGA,KNYC,72503014732"
"New York, NY, United States",2022-01-17T06:00:00,42.5,39,40.1,91.08,0.02,100,rain,0,0,30.6,5.5,120,986.5,94.8,8.2,0,,0,10,"Rain, Overcast",rain,"72505394728,KLGA,KNYC,72503014732"
"New York, NY, United States",2022-01-17T07:00:00,44.3,38.6,36.8,74.79,0,0,,0,0,21.9,11,170,985.9,100,9.9,0,,0,10,Overcast,cloudy,"72505394728,KLGA,KNYC,72503014732"
"New York, NY, United States",2022-01-17T08:00:00,42.7,37.5,34.8,73.52,0,0,,0,0,28.4,8.8,200,985.6,97,9.9,17,0.1,0,10,Overcast,cloudy,"72505394728,KLGA,F1417,KNYC,72503014732"
"New York, NY, United States",2022-01-17T09:00:00,41.3,36.1,34.6,76.79,0.004,100,rain,0,0,24.7,8,210,985.9,97,6.3,22,0.1,0,10,"Rain, Overcast",rain,"72505394728,KLGA,F1417,KNYC,72503014732"
"New York, NY, United States",2022-01-17T10:00:00,39.5,31.6,33.8,80.02,0.015,100,rain,0,0,27,13.6,207,985.6,97,9.9,92,0.3,1,10,"Rain, Overcast",rain,"72505394728,KLGA,F1417,KNYC,72503014732"
"New York, NY, United States",2022-01-17T11:00:00,38.8,33.6,32,76.25,0,0,,0,0,33.3,7.2,240,985.5,88.8,9.9,112,0.4,1,10,Partially cloudy,partly-cloudy-day,"72505394728,KLGA,F1417,KNYC,72503014732"
"New York, NY, United States",2022-01-17T12:00:00,38.3,30.8,30.3,72.92,0,0,,0,0,22.6,11.8,217,985,100,9.9,30,0.1,0,10,Overcast,cloudy,"72505394728,KLGA,F1417,KNYC,72503014732"
"New York, NY, United States",2022-01-17T13:00:00,37.4,30,29.7,73.54,0,0,,0,0,29.8,10.8,247,984.9,100,9.9,43,0.2,0,10,Overcast,cloudy,"72505394728,KLGA,F1417,KNYC,72503014732"
"New York, NY, United States",2022-01-17T14:00:00,36.5,27,29,74.01,0,0,,0,0,29.1,16.2,240,985.5,100,9.9,50,0.2,1,10,Overcast,cloudy,"72505394728,KLGA,F1417,KNYC,72503014732"
"New York, NY, United States",2022-01-17T15:00:00,37.4,30.3,27.8,68.13,0,0,,0,0,23.8,10.2,228,986.4,97,9.9,38,0.1,0,10,Overcast,cloudy,"72505394728,KLGA,F1417,KNYC,72503014732"
"New York, NY, United States",2022-01-17T16:00:00,37.4,27.5,26.7,65.15,0,0,,0,0,29.6,18.3,240,986.9,100,9.9,19,0.1,0,10,Overcast,cloudy,"72505394728,KLGA,F1417,KNYC,72503014732"
"New York, NY, United States",2022-01-17T17:00:00,36.5,28.6,26.7,67.36,0,0,,0,0,26.8,11.6,230,987.8,100,8.7,6,0,0,10,Overcast,cloudy,"72505394728,KLGA,F1417,KNYC,72503014732"
"New York, NY, United States",2022-01-17T18:00:00,35.6,27,27.8,72.99,0,0,,0,0,23.2,12.8,257,988.9,100,4.4,21,0.1,0,10,Overcast,cloudy,"72505394728,E5816,KLGA,KNYC,72503014732"
"New York, NY, United States",2022-01-17T19:00:00,36.5,29.2,25.1,62.87,0.009,100,rain,0,0,22.6,10.3,260,990.5,100,9.6,0,,0,10,"Rain, Overcast",rain,"72505394728,KLGA,KNYC,72503014732"
"New York, NY, United States",2022-01-17T20:00:00,36.3,32.7,25.8,65.44,0,0,,0,0,29.2,4.3,322,991.6,100,9.9,0,,0,10,Overcast,cloudy,"72505394728,KLGA,KNYC,72503014732"
"New York, NY, United States",2022-01-17T21:00:00,35.6,26.6,24.8,64.5,0,0,,0,0,26.4,13.9,260,992.4,100,9.6,0,,0,10,Overcast,cloudy,"72505394728,KLGA,KNYC,72503014732"
"New York, NY, United States",2022-01-17T22:00:00,35.6,26.2,20.9,54.75,0,0,,0,0,26.6,15.1,287,993.5,97,9.9,0,,0,10,Overcast,cloudy,"72505394728,KLGA,KNYC,72503014732"
"New York, NY, United States",2022-01-17T23:00:00,34.6,24.8,19.1,52.86,0,0,,0,0,25.7,15.4,283,995.4,100,9.9,0,,0,10,Overcast,cloudy,"72505394728,KLGA,KNYC,72503014732"
"New York, NY, United States",2022-01-18T00:00:00,34.3,24.8,20,55.46,0,0,,0,0,28.5,14.3,283,996.5,100,9.9,0,,0,10,Overcast,cloudy,"72505394728,KLGA,KNYC,72503014732"
"New York, NY, United States",2022-01-18T01:00:00,34.3,25.2,19.1,53.37,0,0,,0,0,30.5,13.3,285,997.6,97,9.9,0,,0,10,Overcast,cloudy,"72505394728,KLGA,KNYC,72503014732"
"New York, NY, United States",2022-01-18T02:00:00,33.7,23.2,19.1,54.79,0,0,,0,0,25.3,16.5,293,999.4,100,9.9,0,,0,10,Overcast,cloudy,"72505394728,KLGA,KNYC,72503014732"
"New York, NY, United States",2022-01-18T03:00:00,31.5,20.1,14.3,48.62,0,0,,0,0,31.9,17.4,275,1001.5,33.2,9.9,0,,0,10,Partially cloudy,partly-cloudy-night,"72505394728,KLGA,KNYC,72503014732"
"New York, NY, United States",2022-01-18T04:00:00,30.5,19.4,13.1,48.06,0,0,,0,0,27.4,15.7,275,1002.6,33.2,9.9,0,,0,10,Partially cloudy,partly-cloudy-night,"72505394728,KLGA,KNYC,72503014732"
"New York, NY, United States",2022-01-18T05:00:00,31.5,20.8,14.9,49.81,0,0,,0,0,27.2,15.1,290,1003.9,63.4,9.9,0,,0,10,Partially cloudy,partly-cloudy-night,"72505394728,KLGA,KNYC,72503014732"
"New York, NY, United States",2022-01-18T06:00:00,31.1,20.6,16.1,53.19,0,0,,0,0,24.2,14.8,303,1005.5,100,9.9,0,,0,10,Overcast,cloudy,"72505394728,KLGA,KNYC,72503014732"
"New York, NY, United States",2022-01-18T07:00:00,30.5,20.9,17.1,57.06,0,0,,0,0,23.6,12,293,1007.4,60.4,9.9,1,0,0,10,Partially cloudy,partly-cloudy-night,"72505394728,KLGA,F8726,KNYC,72503014732"
"New York, NY, United States",2022-01-18T08:00:00,31.1,21.9,17.7,57.16,0,0,,0,0,30.9,11.5,293,1008.7,97,9.9,29,0.1,0,10,Overcast,cloudy,"72505394728,KLGA,F1417,KNYC,72503014732"
"New York, NY, United States",2022-01-18T09:00:00,32.5,23.3,17.3,53.05,0,0,,0,0,22.3,12.4,283,1009.8,33.2,9.9,114,0.4,1,10,Partially cloudy,partly-cloudy-day,"72505394728,KLGA,F1417,KNYC,72503014732"
"New York, NY, United States",2022-01-18T10:00:00,33.7,24.4,15.2,46.18,0,0,,0,0,25.4,13.1,283,1010.9,78.4,9.9,222,0.8,2,10,Partially cloudy,partly-cloudy-day,"72505394728,KLGA,F1417,KNYC,72503014732"
"New York, NY, United States",2022-01-18T11:00:00,35.3,24.9,13.5,40.14,0,0,,0,0,31,17.9,303,1011.6,97,9.9,247,0.9,2,10,Overcast,cloudy,"72505394728,KLGA,F1417,KNYC,72503014732"
"New York, NY, United States",2022-01-18T12:00:00,35.3,26.3,12.2,37.93,0,0,,0,0,32.9,13.6,303,1011.8,97,9.9,410,1.5,4,10,Overcast,cloudy,"72505394728,KLGA,F1417,KNYC,72503014732"
"New York, NY, United States",2022-01-18T13:00:00,36,28.4,15.4,42.6,0,0,,0,0,30.3,10.6,330,1012.4,88.8,9.9,396,1.4,4,10,Partially cloudy,partly-cloudy-day,"72505394728,KLGA,F1417,KNYC,72503014732"
"New York, NY, United States",2022-01-18T14:00:00,36.5,28.6,11,34.38,0,0,,0,0,25.8,11.6,290,1013.4,33.2,9.9,464,1.7,5,10,Partially cloudy,partly-cloudy-day,"72505394728,KLGA,F1417,KNYC,72503014732"
"New York, NY, United States",2022-01-18T15:00:00,36.5,26.5,11.3,34.75,0,0,,0,0,29.1,17.7,307,1014.4,78.4,9.9,344,1.2,3,10,Partially cloudy,partly-cloudy-day,"72505394728,KLGA,F1417,KNYC,72503014732"
"New York, NY, United States",2022-01-18T16:00:00,36.3,27.1,11.5,35.45,0,0,,0,0,28.6,14.9,295,1015.5,33.2,9.9,153,0.6,2,10,Partially cloudy,partly-cloudy-day,"72505394728,KLGA,F1417,KNYC,72503014732"
"New York, NY, United States",2022-01-18T17:00:00,34.6,26.2,11.8,38.46,0,0,,0,0,22.5,11.6,295,1017.1,27.1,9.9,18,0.1,0,10,Partially cloudy,partly-cloudy-night,"72505394728,KLGA,F1417,KNYC,72503014732"
"New York, NY, United States",2022-01-18T18:00:00,33.4,26.1,12.2,40.92,0,0,,0,0,21.5,8.9,310,1018.6,7.2,9.9,19,0.1,0,10,Clear,clear-night,"72505394728,E5816,KLGA,KNYC,72503014732"
"New York, NY, United States",2022-01-18T19:00:00,32.5,23.8,12.2,42.37,0,0,,0,0,15.9,11.2,308,1019.8,0,9.9,0,,0,10,Clear,clear-night,"72505394728,KLGA,KNYC,72503014732"
"New York, NY, United States",2022-01-18T20:00:00,31.5,23.7,13.1,46.2,0,0,,0,0,15.4,8.8,320,1020.3,0,9.9,0,,0,10,Clear,clear-night,"72505394728,KLGA,KNYC,72503014732"
"New York, NY, United States",2022-01-18T21:00:00,31.1,26.4,14,48.57,0,0,,0,0,9.4,4.6,310,1020.7,0,9.9,0,,0,10,Clear,clear-night,"72505394728,KLGA,KNYC,72503014732"
"New York, NY, United States",2022-01-18T22:00:00,30.5,24.1,14,49.88,0,0,,0,0,4.3,6.4,320,1021.3,0,9.9,0,,0,10,Clear,clear-night,"72505394728,KLGA,KNYC,72503014732"
"New York, NY, United States",2022-01-18T23:00:00,30.2,30.2,14,50.51,0,0,,0,0,3.8,2.5,319,1021.6,0,9.9,0,,0,10,Clear,clear-night,"72505394728,KLGA,KNYC,72503014732"
"New York, NY, United States",2022-01-19T00:00:00,30.5,30.5,14.3,50.58,0,0,,0,0,2.7,0,0,1021.7,0,9.9,0,,0,10,Clear,clear-night,"72505394728,KLGA,KNYC,72503014732"
"New York, NY, United States",2022-01-19T01:00:00,29.3,29.3,14.9,54.42,0,0,,0,0,3.6,0,0,1021.6,0,9.9,0,,0,10,Clear,clear-night,"72505394728,KLGA,KNYC,72503014732"
"New York, NY, United States",2022-01-19T02:00:00,30.6,30.6,15.8,53.82,0,0,,0,0,2.7,1.3,57,1021.6,0,9.9,0,,0,10,Clear,clear-night,"72505394728,KLGA,KNYC,72503014732"
"New York, NY, United States",2022-01-19T03:00:00,29.9,25.3,17.5,59.34,0,0,,0,0,4,4.3,89,1021.7,23.8,9.9,0,,0,10,Partially cloudy,partly-cloudy-night,"72505394728,KLGA,KNYC,72503014732"
"New York, NY, United States",2022-01-19T04:00:00,30.8,26.7,18,58.48,0,0,,0,0,4.7,4,190,1021.2,23.8,9.9,0,,0,10,Partially cloudy,partly-cloudy-night,"72505394728,KLGA,KNYC,72503014732"
"New York, NY, United States",2022-01-19T05:00:00,32,26.4,19.4,59.26,0,0,,0,0,9.8,5.8,232,1020.9,26.7,9.9,0,,0,10,Partially cloudy,partly-cloudy-night,"72505394728,KLGA,KNYC,72503014732"
"New York, NY, United States",2022-01-19T06:00:00,33.2,27.5,19.4,56.5,0,0,,0,0,15.7,6.1,180,1020.5,43.6,9.9,0,,0,10,Partially cloudy,partly-cloudy-night,"72505394728,KLGA,KNYC,72503014732"
"New York, NY, United States",2022-01-19T07:00:00,34.3,28.3,18.8,52.67,0,0,,0,0,25.5,7,210,1020.4,23.8,9.9,1,0,0,10,Partially cloudy,partly-cloudy-night,"72505394728,KLGA,F8726,KNYC,72503014732"
"New York, NY, United States",2022-01-19T08:00:00,35.3,29.5,20.7,54.86,0,0,,0,0,26.4,7,181,1020.2,100,9.9,13,0,0,10,Overcast,cloudy,"72505394728,KLGA,F1417,KNYC,72503014732"
"New York, NY, United States",2022-01-19T09:00:00,37.1,30.8,21.8,53.59,0,0,,0,0,22.2,8.6,200,1020.3,88.8,9.9,56,0.2,1,10,Partially cloudy,partly-cloudy-day,"72505394728,KLGA,F1417,KNYC,72503014732"
"New York, NY, United States",2022-01-19T10:00:00,38.3,31.8,22.7,53.1,0,0,,0,0,19.7,9.3,193,1019.3,23.8,9.9,113,0.4,1,10,Partially cloudy,partly-cloudy-day,"72505394728,KLGA,F1417,KNYC,72503014732"
"New York, NY, United States",2022-01-19T11:00:00,40.1,34,24.2,52.56,0,0,,0,0,21.9,9.6,225,1018.4,23.8,9.9,141,0.5,1,10,Partially cloudy,partly-cloudy-day,"72505394728,KLGA,F1417,KNYC,72503014732"
"New York, NY, United States",2022-01-19T12:00:00,42.2,35.8,25.1,50.45,0,0,,0,0,30,11.4,200,1016.7,23.8,9.9,210,0.8,2,10,Partially cloudy,partly-cloudy-day,"72505394728,KLGA,F1417,KNYC,72503014732"
"New York, NY, United States",2022-01-19T13:00:00,45.3,38.9,22.7,40.52,0,0,,0,0,19.7,13.9,210,1015.4,23.8,9.9,365,1.3,4,10,Partially cloudy,partly-cloudy-day,"72505394728,KLGA,F1417,KNYC,72503014732"
"New York, NY, United States",2022-01-19T14:00:00,48.2,43.2,21.6,34.72,0,0,,0,0,20,11.8,239,1014.2,23.8,9.9,423,1.5,4,10,Partially cloudy,partly-cloudy-day,"72505394728,KLGA,F1417,KNYC,72503014732"
"New York, NY, United States",2022-01-19T15:00:00,49.1,45.4,22.7,35.05,0,0,,0,0,26.2,8.8,230,1014.3,13.4,9.9,308,1.1,3,10,Clear,clear-day,"72505394728,KLGA,F1417,KNYC,72503014732"
"New York, NY, United States",2022-01-19T16:00:00,49.1,45.2,23.5,36.35,0,0,,0,0,19.6,9.4,220,1013.8,13.4,9.9,139,0.5,1,10,Clear,clear-day,"72505394728,KLGA,F1417,KNYC,72503014732"
"New York, NY, United States",2022-01-19T17:00:00,48.5,44.7,24.5,38.8,0,0,,0,0,21.9,8.6,225,1013.7,13.4,9.9,26,0.1,0,10,Clear,clear-night,"72505394728,KLGA,F1417,KNYC,72503014732"
"New York, NY, United States",2022-01-19T18:00:00,48.2,44,24.8,39.77,0,0,,0,0,14.8,9.5,210,1014,13.4,9.9,20,0.1,0,10,Clear,clear-night,"72505394728,E5816,KLGA,KNYC,72503014732"
"New York, NY, United States",2022-01-19T19:00:00,47.5,43.9,24.8,40.77,0,0,,0,0,18.3,7.5,225,1014.6,23.8,9.9,0,,0,10,Partially cloudy,partly-cloudy-night,"72505394728,KLGA,KNYC,72503014732"
"New York, NY, United States",2022-01-19T20:00:00,47.9,42.4,25.1,40.54,0,0,,0,0,23,13.6,215,1014.6,23.8,9.9,0,,0,10,Partially cloudy,partly-cloudy-night,"72505394728,KLGA,KNYC,72503014732"
"New York, NY, United States",2022-01-19T21:00:00,47.3,41.4,25.8,42.85,0,0,,0,0,20.8,13.9,220,1014.7,26.7,9.9,0,,0,10,Partially cloudy,partly-cloudy-night,"72505394728,KLGA,KNYC,72503014732"
"New York, NY, United States",2022-01-19T22:00:00,47.3,42.8,26.7,44.52,0,0,,0,0,21.9,9.5,232,1014.6,26.7,9.9,0,,0,10,Partially cloudy,partly-cloudy-night,"72505394728,KLGA,KNYC,72503014732"
"New York, NY, United States",2022-01-19T23:00:00,46.4,42,27,46.52,0,0,,0,0,14.8,8.9,242,1014.9,91.8,9.9,0,,0,10,Overcast,cloudy,"72505394728,KLGA,KNYC,72503014732"
"New York, NY, United States",2022-01-20T00:00:00,45.5,41,26.7,47.56,0,0,,0,0,15.7,8.7,235,1014.5,88.8,9.9,0,,0,10,Partially cloudy,partly-cloudy-night,"72505394728,KLGA,KNYC,72503014732"
"New York, NY, United States",2022-01-20T01:00:00,45.5,42.3,26.7,47.56,0,0,,0,0,13.4,6.1,225,1014,100,9.9,0,,0,10,Overcast,cloudy,"72505394728,KLGA,KNYC,72503014732"
"New York, NY, United States",2022-01-20T02:00:00,45.5,42.1,26.1,46.28,0,0,,0,0,17.2,6.3,227,1013.9,100,9.9,0,,0,10,Overcast,cloudy,"72505394728,KLGA,KNYC,72503014732"
"New York, NY, United States",2022-01-20T03:00:00,45.5,41,26.7,47.56,0,0,,0,0,17.2,8.7,225,1015.1,100,9.9,0,,0,10,Overcast,cloudy,"72505394728,KLGA,KNYC,72503014732"
"New York, NY, United States",2022-01-20T04:00:00,42.7,36.8,32.3,66.51,0.007,100,rain,0,0,19.9,10.5,293,1015.7,100,5.5,0,,0,10,"Rain, Overcast",rain,"72505394728,KLGA,KNYC,72503014732"
"New York, NY, United States",2022-01-20T05:00:00,40.1,37.1,35.9,84.79,0.043,100,rain,0,0,14.5,4.5,270,1015.8,100,6.7,0,,0,10,"Rain, Overcast",rain,"72505394728,KLGA,KNYC,72503014732"
"New York, NY, United States",2022-01-20T06:00:00,40.5,35.7,36.6,85.93,0.033,100,rain,0,0,13.4,6.9,270,1015.5,100,7.7,0,,0,10,"Rain, Overcast",rain,"72505394728,KLGA,KNYC,72503014732"
"New York, NY, United States",2022-01-20T07:00:00,40.1,40.1,36.6,87,0.019,100,rain,0,0,13.6,2.2,329,1016.8,100,7.2,0,,0,10,"Rain, Overcast",rain,"72505394728,KLGA,KNYC,72503014732"
"New York, NY, United States",2022-01-20T08:00:00,38.3,30.5,33.8,83.89,0.042,100,rain,0,0,16.8,12.4,310,1018.2,100,3.7,7,0,0,10,"Rain, Overcast",rain,"72505394728,KLGA,F1417,KNYC,72503014732"
"New York, NY, United States",2022-01-20T09:00:00,35.6,28.9,31.7,85.39,0.038,100,rain,0,0,20.8,8.7,353,1019.2,100,3.2,13,0,0,10,"Rain, Overcast",rain,"72505394728,KLGA,F1417,KNYC,72503014732"
"New York, NY, United States",2022-01-20T10:00:00,33.7,29.1,30.6,88.3,0.033,100,"rain,snow",0,0,14.3,4.9,360,1020.5,100,1.4,31,0.1,0,10,"Snow, Rain, Overcast",rain,"72505394728,KLGA,F1417,KNYC,72503014732"
"New York, NY, United States",2022-01-20T11:00:00,32.5,23.1,29.9,89.98,0.023,100,"rain,snow",0,0,21.9,12.8,350,1020.6,100,1.4,66,0.2,1,10,"Snow, Rain, Overcast",rain,"72505394728,KLGA,F1417,KNYC,72503014732"
"New York, NY, United States",2022-01-20T12:00:00,32.7,25.1,29.6,88.03,0.003,100,"rain,snow",0,0,19.5,9.2,315,1021,100,2.6,156,0.6,2,10,"Snow, Rain, Overcast",rain,"KLGA,F1417,KNYC,72503014732"
"New York, NY, United States",2022-01-20T13:00:00,33.7,28.6,25.3,71.18,0,0,,0,0,18.1,5.5,340,1020.6,100,9.9,194,0.7,2,10,Overcast,cloudy,"72505394728,KLGA,F1417,KNYC,72503014732"
"New York, NY, United States",2022-01-20T14:00:00,34.3,27.3,21.5,58.98,0,0,,0,0,14.3,8.7,308,1020.9,97,9.9,165,0.6,2,10,Overcast,cloudy,"72505394728,KLGA,F1417,KNYC,72503014732"
"New York, NY, United States",2022-01-20T15:00:00,34.3,29.6,18.5,52,0,0,,0,0,16.6,5.2,340,1021.1,23.8,9.9,150,0.5,2,10,Partially cloudy,partly-cloudy-day,"72505394728,KLGA,F1417,KNYC,72503014732"
"New York, NY, United States",2022-01-20T16:00:00,33.7,26.4,15.9,47.71,0,0,,0,0,16.8,8.8,320,1021.8,23.8,9.9,84,0.3,1,10,Partially cloudy,partly-cloudy-day,"72505394728,KLGA,F1417,KNYC,72503014732"
"New York, NY, United States",2022-01-20T17:00:00,33.7,25.7,12.2,40.49,0,0,,0,0,16.8,10.3,340,1022.7,23.8,9.9,28,0.1,0,10,Partially cloudy,partly-cloudy-night,"72505394728,KLGA,F1417,KNYC,72503014732"
"New York, NY, United States",2022-01-20T18:00:00,32.5,24.6,10.6,39.54,0,0,,0,0,19,9.7,313,1024,19.3,9.9,27,0.1,0,10,Clear,clear-night,"72505394728,E5816,KLGA,KNYC,72503014732"
"New York, NY, United States",2022-01-20T19:00:00,30.5,20.5,10,41.83,0,0,,0,0,18.3,12.8,355,1025.3,23.8,9.9,0,,0,10,Partially cloudy,partly-cloudy-night,"72505394728,KLGA,KNYC,72503014732"
"New York, NY, United States",2022-01-20T20:00:00,29,19.1,9.3,42.96,0,0,,0,0,21.1,11.8,10,1026.3,23.8,9.9,0,,0,10,Partially cloudy,partly-cloudy-night,"72505394728,KLGA,KNYC,72503014732"
"New York, NY, United States",2022-01-20T21:00:00,27.3,16,6.7,41.04,0,0,,0,0,24.2,13.9,350,1027,23.8,9.9,0,,0,10,Partially cloudy,partly-cloudy-night,"72505394728,KLGA,KNYC,72503014732"
"New York, NY, United States",2022-01-20T22:00:00,26.3,16.9,6.7,42.71,0,0,,0,0,24.2,9.6,15,1027.9,13.4,9.9,0,,0,10,Clear,clear-night,"72505394728,KLGA,KNYC,72503014732"
"New York, NY, United States",2022-01-20T23:00:00,24.4,14,5.3,43.41,0,0,,0,0,26.4,10.5,347,1028.9,13.4,9.9,0,,0,10,Clear,clear-night,"72505394728,KLGA,KNYC,72503014732"
"New York, NY, United States",2022-01-21T00:00:00,23,11.8,5.3,46.08,0,0,,0,0,25.3,11.3,17,1029.2,13.4,9.9,0,,0,10,Clear,clear-night,"72505394728,KLGA,KNYC,72503014732"
"New York, NY, United States",2022-01-21T01:00:00,20.5,7.5,2.1,44.11,0,0,,0,0,19.7,13.6,353,1029.8,13.4,9.9,0,,0,10,Clear,clear-night,"72505394728,KLGA,KNYC,72503014732"
"New York, NY, United States",2022-01-21T02:00:00,19.4,6.2,1.3,44.64,0,0,,0,0,24.6,13.4,3,1029.8,23.8,9.9,0,,0,10,Partially cloudy,partly-cloudy-night,"72505394728,KLGA,KNYC,72503014732"
"New York, NY, United States",2022-01-21T03:00:00,17.6,5.6,-0.4,44.44,0,0,,0,0,23.9,10.4,32,1030.3,23.8,9.9,0,,0,10,Partially cloudy,partly-cloudy-night,"72505394728,KLGA,KNYC,72503014732"
"New York, NY, United States",2022-01-21T04:00:00,16.6,5.9,-0.7,45.88,0,0,,0,0,24.5,8.3,10,1030.6,23.8,9.9,0,,0,10,Partially cloudy,partly-cloudy-night,"72505394728,KLGA,KNYC,72503014732"
"New York, NY, United States",2022-01-21T05:00:00,15.7,2.5,-0.4,48.34,0,0,,0,0,26.4,11.6,348,1031.2,23.8,9.9,0,,0,10,Partially cloudy,partly-cloudy-night,"72505394728,KLGA,KNYC,72503014732"
"New York, NY, United States",2022-01-21T06:00:00,15.4,2.8,-1.2,47.12,0,0,,0,0,24.2,10.5,22,1031.9,23.8,9.9,0,,0,10,Partially cloudy,partly-cloudy-night,"72505394728,KLGA,KNYC,72503014732"
"New York, NY, United States",2022-01-21T07:00:00,14.3,2,-2.7,46.13,0,0,,0,0,23.1,9.7,20,1033.2,23.8,9.9,1,0,0,10,Partially cloudy,partly-cloudy-night,"72505394728,KLGA,F8726,KNYC,72503014732"
"New York, NY, United States",2022-01-21T08:00:00,14.3,4,-2,47.6,0,0,,0,0,22.4,7.2,10,1034.1,23.8,9.9,37,0.1,0,10,Partially cloudy,partly-cloudy-day,"72505394728,KLGA,F1417,KNYC,72503014732"
"New York, NY, United States",2022-01-21T09:00:00,14.5,0.2,-2.2,46.57,0,0,,0,0,19.7,13,5,1035,23.8,9.9,115,0.4,1,10,Partially cloudy,partly-cloudy-day,"72505394728,KLGA,F1417,KNYC,72503014732"
"New York, NY, United States",2022-01-21T10:00:00,15.7,2.3,-1.7,45.44,0,0,,0,0,19,11.8,343,1035.2,23.8,9.9,173,0.6,2,10,Partially cloudy,partly-cloudy-day,"72505394728,KLGA,F1417,KNYC,72503014732"
"New York, NY, United States",2022-01-21T11:00:00,15.9,3.7,-2.1,44.09,0,0,,0,0,18.1,10.1,341,1035.2,23.8,9.9,457,1.6,5,10,Partially cloudy,partly-cloudy-day,"72505394728,KLGA,F1417,KNYC,72503014732"
"New York, NY, United States",2022-01-21T12:00:00,19.1,7.2,-0.7,41.11,0,0,,0,0,16.3,10.9,44,1034.4,23.8,9.9,503,1.8,5,10,Partially cloudy,partly-cloudy-day,"72505394728,KLGA,F1417,KNYC,72503014732"
"New York, NY, United States",2022-01-21T13:00:00,19.6,7.9,-1.2,39.32,0,0,,0,0,17.2,10.7,357,1033.6,23.8,9.9,509,1.8,5,10,Partially cloudy,partly-cloudy-day,"72505394728,KLGA,F1417,KNYC,72503014732"
"New York, NY, United States",2022-01-21T14:00:00,20.5,12.4,-0.4,39.28,0,0,,0,0,12.8,6.2,350,1033.2,13.4,9.9,462,1.7,5,10,Clear,clear-day,"72505394728,KLGA,F1417,KNYC,72503014732"
"New York, NY, United States",2022-01-21T15:00:00,21.2,17,0.3,39.39,0,0,,0,0,12.8,3.1,356,1033.3,23.8,9.9,296,1.1,3,10,Partially cloudy,partly-cloudy-day,"72505394728,KLGA,F1417,KNYC,72503014732"
"New York, NY, United States",2022-01-21T16:00:00,21.5,9.9,-0.1,38.18,0,0,,0,0,13.2,11.4,350,1033.6,23.8,9.9,124,0.4,1,10,Partially cloudy,partly-cloudy-day,"72505394728,KLGA,F1417,KNYC,72503014732"
"New York, NY, United States",2022-01-21T17:00:00,20.5,12.7,-1.5,37.34,0,0,,0,0,11.6,5.9,350,1033.9,23.8,9.9,28,0.1,0,10,Partially cloudy,partly-cloudy-day,"72505394728,KLGA,F1417,KNYC,72503014732"
"New York, NY, United States",2022-01-21T18:00:00,20.5,11.6,-1.2,37.84,0,0,,0,0,12.8,7,360,1034.6,23.8,9.9,24,0.1,0,10,Partially cloudy,partly-cloudy-night,"72505394728,E5816,KLGA,KNYC,72503014732"
"New York, NY, United States",2022-01-21T19:00:00,20.3,10.2,-0.3,39.94,0,0,,0,0,15.9,8.5,360,1034.3,23.8,9.9,0,,0,10,Partially cloudy,partly-cloudy-night,"72505394728,KLGA,KNYC,72503014732"
"New York, NY, United States",2022-01-21T20:00:00,20.3,11.6,-0.9,38.72,0,0,,0,0,17,6.7,360,1034.9,23.8,9.9,0,,0,10,Partially cloudy,partly-cloudy-night,"72505394728,KLGA,KNYC,72503014732"
"New York, NY, United States",2022-01-21T21:00:00,20,10.1,1.2,43.3,0,0,,0,0,17,8.1,20,1034.4,23.8,9.9,0,,0,10,Partially cloudy,partly-cloudy-night,"72505394728,KLGA,KNYC,72503014732"
"New York, NY, United States",2022-01-21T22:00:00,19.4,6.7,0.3,42.53,0,0,,0,0,18.3,12.4,30,1034.4,23.8,9.9,0,,0,10,Partially cloudy,partly-cloudy-night,"72505394728,KLGA,KNYC,72503014732"
"New York, NY, United States",2022-01-21T23:00:00,19.4,7.3,-2.4,37.57,0,0,,0,0,20.8,11.2,30,1033.9,26.7,9.9,0,,0,10,Partially cloudy,partly-cloudy-night,"72505394728,KLGA,KNYC,72503014732"
"New York, NY, United States",2022-01-22T00:00:00,18.3,7.2,-1.7,40.6,0,0,,0,0,19.5,9.3,30,1033.8,26.7,9.9,0,,0,10,Partially cloudy,partly-cloudy-night,"72505394728,KLGA,KNYC,72503014732"
"New York, NY, United States",2022-01-22T01:00:00,17.6,5.5,-1.5,42.25,0,0,,0,0,17.2,10.6,32,1033.1,26.7,9.9,0,,0,10,Partially cloudy,partly-cloudy-night,"72505394728,KLGA,KNYC,72503014732"
"New York, NY, United States",2022-01-22T02:00:00,16.6,3.9,-2.4,42.36,0,0,,0,0,19.7,11.1,27,1032.1,23.8,9.9,0,,0,10,Partially cloudy,partly-cloudy-night,"72505394728,KLGA,KNYC,72503014732"
"New York, NY, United States",2022-01-22T03:00:00,15.7,2.7,-2.4,44.04,0,0,,0,0,21.3,11.2,25,1031.4,13.4,9.9,0,,0,10,Clear,clear-night,"72505394728,KLGA,KNYC,72503014732"
"New York, NY, United States",2022-01-22T04:00:00,14.5,2.7,-1.7,47.75,0,0,,0,0,18.3,9.2,17,1030.6,13.4,9.9,0,,0,10,Clear,clear-night,"72505394728,KLGA,KNYC,72503014732"
"New York, NY, United States",2022-01-22T05:00:00,14,1.2,0.5,54.31,0,0,,0,0,23,10.3,360,1030.3,7.2,9.9,0,,0,10,Clear,clear-night,"72505394728,KLGA,KNYC,72503014732"
"New York, NY, United States",2022-01-22T06:00:00,14,1.8,0.2,53.58,0,0,,0,0,18.8,9.5,25,1030.3,7.2,9.9,4,0,0,10,Clear,clear-night,"72505394728,KLGA,E4722,KNYC,72503014732"
"New York, NY, United States",2022-01-22T07:00:00,14,6,0.5,54.31,0,0,,0,0,18.6,4.9,350,1030.9,13.4,9.9,1,0,0,10,Clear,clear-night,"72505394728,KLGA,F8726,KNYC,72503014732"
"New York, NY, United States",2022-01-22T08:00:00,14.3,9.2,1.2,55.44,0,0,,0,0,17.2,3.1,356,1031.2,13.4,9.9,27,0.1,0,10,Clear,clear-day,"72505394728,KLGA,F1417,KNYC,72503014732"
"New York, NY, United States",2022-01-22T09:00:00,17.1,7.6,3.1,53.52,0,0,,0,0,13,6.9,44,1030.3,7.2,9.9,126,0.5,1,10,Clear,clear-day,"72505394728,KLGA,F1417,KNYC,72503014732"
"New York, NY, United States",2022-01-22T10:00:00,19.4,11.9,4.4,51.62,0,0,,0,0,9.4,5.3,360,1030.5,7.2,9.9,308,1.1,3,10,Clear,clear-day,"72505394728,KLGA,F1417,KNYC,72503014732"
"New York, NY, United States",2022-01-22T11:00:00,20.8,13.3,7.2,55.17,0,0,,0,0,7.6,5.6,350,1029.9,7.2,9.9,485,1.7,5,10,Clear,clear-day,"72505394728,KLGA,F1417,KNYC,72503014732"
"New York, NY, United States",2022-01-22T12:00:00,25.3,17.5,7.8,46.8,0,0,,0,0,7.2,6.9,30,1027.5,7.2,9.9,539,1.9,5,10,Clear,clear-day,"72505394728,KLGA,F1417,KNYC,72503014732"
"New York, NY, United States",2022-01-22T13:00:00,27.3,21.5,9.8,47.27,0,0,,0,0,5.6,5,33,1026.2,7.2,9.9,533,1.9,5,10,Clear,clear-day,"72505394728,KLGA,F1417,KNYC,72503014732"
"New York, NY, United States",2022-01-22T14:00:00,29,23.7,10.6,45.59,0,0,,0,0,4,4.9,26,1024.9,7.2,9.9,465,1.7,5,10,Clear,clear-day,"72505394728,KLGA,F1417,KNYC,72503014732"
"New York, NY, United States",2022-01-22T15:00:00,29.3,25.3,11.5,46.98,0,0,,0,0,3.8,3.7,50,1024.6,7.2,9.9,348,1.3,3,10,Clear,clear-day,"72505394728,KLGA,F1417,KNYC,72503014732"
"New York, NY, United States",2022-01-22T16:00:00,29.3,29.3,10.6,45.14,0,0,,0,0,3.6,1.3,15,1023.4,23.8,9.9,183,0.7,2,10,Partially cloudy,partly-cloudy-day,"72505394728,KLGA,F1417,KNYC,72503014732"
"New York, NY, United States",2022-01-22T17:00:00,28.4,23.1,9.1,43.79,0,0,,0,0,4.7,4.7,352,1022.7,23.8,9.9,20,0.1,0,10,Partially cloudy,partly-cloudy-day,"72505394728,KLGA,F1417,KNYC,72503014732"
"New York, NY, United States",2022-01-22T18:00:00,28.4,28.4,8.9,43.32,0,0,,0,0,3.6,0.9,27,1022.2,23.8,9.9,1,0,0,10,Partially cloudy,partly-cloudy-night,"72505394728,KLGA,F8726,KNYC,72503014732"
"New York, NY, United States",2022-01-22T19:00:00,27.5,27.5,9.5,46.19,0,0,,0,0,4.3,1.6,54,1021.9,23.8,9.9,0,,0,10,Partially cloudy,partly-cloudy-night,"72505394728,KLGA,KNYC,72503014732"
"New York, NY, United States",2022-01-22T20:00:00,27.3,20,9.3,46.28,0,0,,0,0,3.8,6.8,227,1021.5,23.8,9.9,0,,0,10,Partially cloudy,partly-cloudy-night,"72505394728,KLGA,KNYC,72503014732"
"New York, NY, United States",2022-01-22T21:00:00,27.5,20.8,9,45.07,0,0,,0,0,7.6,6.1,210,1020.7,23.8,9.9,0,,0,10,Partially cloudy,partly-cloudy-night,"72505394728,KLGA,KNYC,72503014732"
"New York, NY, United States",2022-01-22T22:00:00,27.3,19.1,7.2,42.07,0,0,,0,0,9.4,8.1,232,1019.9,23.8,9.9,0,,0,10,Partially cloudy,partly-cloudy-night,"72505394728,KLGA,KNYC,72503014732"
"New York, NY, United States",2022-01-22T23:00:00,27.3,20,4.1,36.54,0,0,,0,0,9.8,6.7,210,1019,43.6,9.9,0,,0,10,Partially cloudy,partly-cloudy-night,"72505394728,KLGA,KNYC,72503014732"
"New York, NY, United States",2022-01-23T00:00:00,26.6,18.2,4.7,38.48,0,0,,0,0,14.1,8.1,220,1018.3,60.4,9.9,0,,0,10,Partially cloudy,partly-cloudy-night,"72505394728,KLGA,KNYC,72503014732"
"New York, NY, United States",2022-01-23T01:00:00,26.6,16.1,2.7,35.12,0,0,,0,0,20.8,11.8,250,1017.8,88.8,9.9,0,,0,10,Partially cloudy,partly-cloudy-night,"72505394728,KLGA,KNYC,72503014732"
"New York, NY, United States",2022-01-23T02:00:00,26.6,18.8,1.5,33.2,0,0,,0,0,21.3,7.3,230,1017.4,100,9.9,0,,0,10,Overcast,cloudy,"72505394728,KLGA,KNYC,72503014732"
"New York, NY, United States",2022-01-23T03:00:00,25.9,16.2,1.8,34.68,0,0,,0,0,20.8,9.9,247,1016.9,91.8,9.9,0,,0,10,Overcast,cloudy,"72505394728,KLGA,KNYC,72503014732"
"New York, NY, United States",2022-01-23T04:00:00,25.9,17.3,2.4,35.76,0,0,,0,0,13.4,8.1,260,1016,88.8,9.9,0,,0,10,Partially cloudy,partly-cloudy-night,"72505394728,KLGA,KNYC,72503014732"
"New York, NY, United States",2022-01-23T05:00:00,25.6,18.7,2.4,36.22,0,0,,0,0,10.1,5.9,240,1015.5,13.4,9.9,0,,0,10,Clear,clear-night,"72505394728,KLGA,KNYC,72503014732"
"New York, NY, United States",2022-01-23T06:00:00,24.9,15.9,2.7,37.69,0,0,,0,0,13.2,8.5,245,1015.4,0,9.9,0,,0,10,Clear,clear-night,"72505394728,KLGA,KNYC,72503014732"
"New York, NY, United States",2022-01-23T07:00:00,24.7,17.1,3.6,39.69,0,0,,0,0,13.4,6.5,260,1015.6,13.4,9.9,2,0,0,10,Clear,clear-night,"72505394728,KLGA,F8726,KNYC,72503014732"
"New York, NY, United States",2022-01-23T08:00:00,26.1,18.4,6.2,42.05,0,0,,0,0,8.9,7,250,1014.9,23.8,9.9,37,0.1,0,10,Partially cloudy,partly-cloudy-day,"72505394728,KLGA,F1417,KNYC,72503014732"
"New York, NY, United States",2022-01-23T09:00:00,27.8,20.4,7.3,41.45,0,0,,0,0,11.2,6.9,233,1014.2,88.8,9.9,84,0.3,1,10,Partially cloudy,partly-cloudy-day,"72505394728,KLGA,F1417,KNYC,72503014732"
"New York, NY, United States",2022-01-23T10:00:00,28.6,22.6,8.1,41.39,0,0,,0,0,15,5.5,260,1013.7,97,9.9,164,0.6,2,10,Overcast,cloudy,"72505394728,KLGA,F1417,KNYC,72503014732"
"New York, NY, United States",2022-01-23T11:00:00,30.5,23.4,9,39.94,0,0,,0,0,14.8,7.3,260,1013.2,88.8,9.9,397,1.4,4,10,Partially cloudy,partly-cloudy-day,"72505394728,KLGA,F1417,KNYC,72503014732"
"New York, NY, United States",2022-01-23T12:00:00,33.4,28,10.8,38.49,0,0,,0,0,12.5,5.9,250,1012,23.8,9.9,539,1.9,5,10,Partially cloudy,partly-cloudy-day,"72505394728,KLGA,F1417,KNYC,72503014732"
"New York, NY, United States",2022-01-23T13:00:00,36,36,11.4,35.79,0,0,,0,0,13.9,2.2,326,1010.5,19.3,9.9,510,1.8,5,10,Clear,clear-day,"72505394728,KLGA,F1417,KNYC,72503014732"
"New York, NY, United States",2022-01-23T14:00:00,36.3,31.7,10.8,34.33,0,0,,0,0,15.7,5.5,240,1009.4,55.9,9.9,326,1.2,3,10,Partially cloudy,partly-cloudy-day,"72505394728,KLGA,F1417,KNYC,72503014732"
"New York, NY, United States",2022-01-23T15:00:00,36.5,28.2,10.4,33.38,0,0,,0,0,17.7,12.8,230,1009,97,9.9,199,0.7,2,10,Overcast,cloudy,"72505394728,KLGA,F1417,KNYC,72503014732"
"New York, NY, United States",2022-01-23T16:00:00,36.3,29.6,11.7,35.73,0,0,,0,0,12.5,9,263,1008.5,88.8,9.9,149,0.5,1,10,Partially cloudy,partly-cloudy-day,"72505394728,KLGA,F1417,KNYC,72503014732"
"New York, NY, United States",2022-01-23T17:00:00,35.6,31.2,13.4,39.62,0,0,,0,0,12.5,5.2,240,1008.3,100,9.9,20,0.1,0,10,Overcast,cloudy,"72505394728,KLGA,F1417,KNYC,72503014732"
"New York, NY, United States",2022-01-23T18:00:00,35.3,28.9,15,43.04,0,0,,0,0,11.9,8,236,1008.6,100,9.9,1,0,0,10,Overcast,cloudy,"72505394728,KLGA,F8726,KNYC,72503014732"
"New York, NY, United States",2022-01-23T19:00:00,33.7,26.9,19.1,54.79,0,0,,0,0,13.4,8.1,277,1009.1,100,9.6,0,,0,10,Overcast,cloudy,"72505394728,KLGA,KNYC,72503014732"
"New York, NY, United States",2022-01-23T20:00:00,31.5,26.7,24.2,74.24,0.009,100,"rain,snow",0,0,7.4,4.7,280,1009.4,100,1.7,0,,0,10,"Snow, Rain, Overcast",snow,"72505394728,KLGA,KNYC,72503014732"
"New York, NY, United States",2022-01-23T21:00:00,30.5,25,25.8,82.56,0.007,100,"rain,snow",0,0.04,9.2,5.3,289,1009.6,100,1.9,0,,0,10,"Snow, Rain, Overcast",snow,"72505394728,KLGA,KNYC,72503014732"
"New York, NY, United States",2022-01-23T22:00:00,30.5,25.9,26.1,83.49,0.005,100,"rain,snow",0,0.04,7.8,4.3,230,1009.3,100,6.6,0,,0,10,"Snow, Rain, Overcast",snow,"72505394728,KLGA,KNYC,72503014732"
"New York, NY, United States",2022-01-23T23:00:00,31.1,31.1,25.1,77.96,0,0,,0,0.04,4.9,0.9,318,1008.9,100,8.6,0,,0,10,Overcast,cloudy,"72505394728,KLGA,KNYC,72503014732"
"New York, NY, United States",2022-01-24T00:00:00,32.3,32.3,23.5,69.8,0,0,,0,0.04,5.6,2.5,294,1008.8,100,9.9,0,,0,10,Overcast,cloudy,"72505394728,KLGA,KNYC,72503014732"
"New York, NY, United States",2022-01-24T01:00:00,31.5,31.5,24.2,74.14,0,0,,0,0.04,4.9,2.5,319,1008.4,100,9.9,0,,0,10,Overcast,cloudy,"72505394728,KLGA,KNYC,72503014732"
"New York, NY, United States",2022-01-24T02:00:00,32.3,29.1,23.3,69.09,0,0,,0,0.04,4,3.4,294,1008.6,100,9.9,0,,0,10,Overcast,cloudy,"72505394728,KLGA,KNYC,72503014732"
"New York, NY, United States",2022-01-24T03:00:00,31.5,26.4,24.2,74.14,0,0,,0,0.04,2.2,5,276,1009.2,100,9,0,,0,10,Overcast,cloudy,"72505394728,KLGA,KNYC,72503014732"
"New York, NY, United States",2022-01-24T04:00:00,31.5,27.4,24.8,76.2,0,0,,0,0.04,5.1,4.1,283,1009.8,100,8,0,,0,10,Overcast,cloudy,"72505394728,KLGA,KNYC,72503014732"
"New York, NY, United States",2022-01-24T05:00:00,31.1,25.3,24.2,75.09,0,0,,0,0.04,6.7,5.9,293,1010,100,7.3,0,,0,10,Overcast,cloudy,"72505394728,KLGA,KNYC,72503014732"
"New York, NY, United States",2022-01-24T06:00:00,30.5,23.7,24.8,79.28,0,0,,0,0.04,8.9,7,340,1010.7,100,5.8,5,0,0,10,Overcast,cloudy,"72505394728,KLGA,E4722,KNYC,72503014732"
"New York, NY, United States",2022-01-24T07:00:00,29.5,22.5,23,76.34,0,0,,0,0,13.4,7,319,1011.6,100,6.4,1,0,0,10,Overcast,cloudy,"72505394728,KLGA,F8726,KNYC,72503014732"
"New York, NY, United States",2022-01-24T08:00:00,28.4,19.2,20.9,73.34,0,0,,0,0,8.7,10.1,343,1012.8,100,6.2,12,0,0,10,Overcast,cloudy,"72505394728,KLGA,F1417,KNYC,72503014732"
"New York, NY, United States",2022-01-24T09:00:00,27.3,19.8,16.6,63.64,0,0,,0,0,8.9,7,340,1013.6,100,7.7,84,0.3,1,10,Overcast,cloudy,"72505394728,KLGA,F1417,KNYC,72503014732"
"New York, NY, United States",2022-01-24T10:00:00,27.3,19.2,14.5,58.24,0,0,,0,0,8.5,7.8,350,1014,100,9.9,120,0.4,1,10,Overcast,cloudy,"72505394728,KLGA,F1417,KNYC,72503014732"
"New York, NY, United States",2022-01-24T11:00:00,28.4,22.9,14.5,55.7,0,0,,0,0,6.5,4.9,350,1013.9,97,9.9,247,0.9,2,10,Overcast,cloudy,"72505394728,KLGA,F1417,KNYC,72503014732"
"New York, NY, United States",2022-01-24T12:00:00,30.6,25,16.8,56.15,0,0,,0,0,5.6,5.5,70,1012.8,88.8,9.9,354,1.3,4,10,Partially cloudy,partly-cloudy-day,"72505394728,KLGA,F1417,KNYC,72503014732"
"New York, NY, United States",2022-01-24T13:00:00,29.9,25.3,15.8,55.28,0,0,,0,0,4.3,4.3,60,1012.2,33.2,9.9,396,1.4,4,10,Partially cloudy,partly-cloudy-day,"72505394728,KLGA,F1417,KNYC,72503014732"
"New York, NY, United States",2022-01-24T14:00:00,31.1,31.1,16.8,54.92,0,0,,0,0,8.1,1.6,27,1011.7,86.6,9.9,232,0.8,2,10,Partially cloudy,partly-cloudy-day,"72505394728,KLGA,F1417,KNYC,72503014732"
"New York, NY, United States",2022-01-24T15:00:00,32,32,16.1,51.41,0,0,,0,0,9.4,0.9,0,1011.1,97,9.9,195,0.7,2,10,Overcast,cloudy,"72505394728,KLGA,F1417,KNYC,72503014732"
"New York, NY, United States",2022-01-24T16:00:00,32.9,27.8,17.7,53.34,0,0,,0,0,7.2,5.3,55,1011.4,97,9.9,113,0.4,1,10,Overcast,cloudy,"72505394728,KLGA,F1417,KNYC,72503014732"
"New York, NY, United States",2022-01-24T17:00:00,32,25.5,17.7,55.24,0,0,,0,0,10.3,7,170,1011.5,88.8,9.9,20,0.1,0,10,Partially cloudy,partly-cloudy-day,"72505394728,KLGA,F1417,KNYC,72503014732"
"New York, NY, United States",2022-01-24T18:00:00,32,26.1,17.7,55.24,0,0,,0,0,10.1,6.2,170,1012,97,9.9,25,0.1,0,10,Overcast,cloudy,"72505394728,E5816,KLGA,KNYC,72503014732"
"New York, NY, United States",2022-01-24T19:00:00,32.3,27.2,19.1,57.91,0,0,,0,0,12.3,5.3,153,1011.8,88.8,9.9,0,,0,10,Partially cloudy,partly-cloudy-night,"72505394728,KLGA,KNYC,72503014732"
"New York, NY, United States",2022-01-24T20:00:00,33.4,33.4,21.8,62.12,0,0,,0,0,15.2,1.9,69,1011.6,100,9.9,0,,0,10,Overcast,cloudy,"72505394728,KLGA,KNYC,72503014732"
"New York, NY, United States",2022-01-24T21:00:00,34.3,29.4,21.6,59.25,0,0,,0,0,17,5.5,180,1011.2,100,9.9,0,,0,10,Overcast,cloudy,"72505394728,KLGA,KNYC,72503014732"
"New York, NY, United States",2022-01-24T22:00:00,35.3,30.1,21.8,57.58,0,0,,0,0,20.1,6.2,200,1011.4,100,9.6,0,,0,10,Overcast,cloudy,"72505394728,KLGA,KNYC,72503014732"
"New York, NY, United States",2022-01-24T23:00:00,35.3,29,22.7,59.66,0,0,,0,0,21,7.8,171,1011.1,100,9.9,0,,0,10,Overcast,cloudy,"72505394728,KLGA,KNYC,72503014732"
"New York, NY, United States",2022-01-25T00:00:00,36.5,30.9,24.8,62.24,0,0,,0,0,18.3,7,190,1010.7,100,9.9,0,,0,10,Overcast,cloudy,"72505394728,KLGA,KNYC,72503014732"
"New York, NY, United States",2022-01-25T01:00:00,38.3,33.4,27,63.52,0,0,,0,0,19.5,6.4,180,1010,100,9.9,0,,0,10,Overcast,cloudy,"72505394728,KLGA,KNYC,72503014732"
"New York, NY, United States",2022-01-25T02:00:00,38.5,34.3,26.7,62.3,0,0,,0,0,14.5,5.5,188,1009.7,100,9.9,0,,0,10,Overcast,cloudy,"72505394728,KLGA,KNYC,72503014732"
"New York, NY, United States",2022-01-25T03:00:00,37.6,33.4,26.7,64.54,0,0,,0,0,12.5,5.3,210,1010.1,100,9.9,0,,0,10,Overcast,cloudy,"72505394728,KLGA,KNYC,72503014732"
"New York, NY, United States",2022-01-25T04:00:00,37.6,31.3,26.7,64.54,0,0,,0,0,17.2,8.8,235,1010.1,100,7.2,0,,0,10,Overcast,cloudy,"72505394728,KLGA,KNYC,72503014732"
"New York, NY, United States",2022-01-25T05:00:00,37.6,31.5,26.7,64.54,0,0,,0,0,9.4,8.4,223,1010.1,100,6.3,0,,0,10,Overcast,cloudy,"72505394728,KLGA,KNYC,72503014732"
"New York, NY, United States",2022-01-25T06:00:00,37.4,32.5,26.7,65.15,0,0,,0,0,8.5,6.1,230,1010.6,100,8.1,0,,0,10,Overcast,cloudy,"72505394728,KLGA,KNYC,72503014732"
"New York, NY, United States",2022-01-25T07:00:00,36.5,36.5,26.1,65.55,0,0,,0,0,5.4,2.5,0,1010.8,43.6,7.6,2,0,0,10,Partially cloudy,partly-cloudy-night,"72505394728,KLGA,F8726,KNYC,72503014732"
"New York, NY, United States",2022-01-25T08:00:00,36.5,31,26.3,66.2,0,0,,0,0,5.4,6.9,258,1012,43.6,8.2,23,0.1,0,10,Partially cloudy,partly-cloudy-day,"72505394728,KLGA,F1417,KNYC,72503014732"
"New York, NY, United States",2022-01-25T09:00:00,37.6,33.4,26.7,64.54,0,0,,0,0,6.3,5.3,270,1013.3,100,7.7,39,0.1,0,10,Overcast,cloudy,"72505394728,KLGA,F1417,KNYC,72503014732"
"New York, NY, United States",2022-01-25T10:00:00,37.4,33.2,26.3,64.03,0,0,,0,0,13.9,5.2,281,1013.9,100,7.3,76,0.3,1,10,Overcast,cloudy,"72505394728,KLGA,F1417,KNYC,72503014732"
"New York, NY, United States",2022-01-25T11:00:00,38.3,38.3,26.3,61.81,0,0,,0,0,15.4,2.5,337,1014.5,100,8.2,66,0.2,1,10,Overcast,cloudy,"72505394728,KLGA,F1417,KNYC,72503014732"
"New York, NY, United States",2022-01-25T12:00:00,39.2,32.9,26.1,59.08,0,0,,0,0,15.7,9.5,278,1014.1,100,9.9,152,0.5,2,10,Overcast,cloudy,"72505394728,KLGA,F1417,KNYC,72503014732"
"New York, NY, United States",2022-01-25T13:00:00,41,35.6,25.3,53.41,0,0,,0,0,13.4,8.4,285,1013.6,100,9.9,197,0.7,2,10,Overcast,cloudy,"72505394728,KLGA,F1417,KNYC,72503014732"
"New York, NY, United States",2022-01-25T14:00:00,42.4,35.8,22.7,45.22,0,0,,0,0,19.7,12.3,300,1013.7,91.8,9.9,215,0.8,2,10,Overcast,cloudy,"72505394728,KLGA,F1417,KNYC,72503014732"
"New York, NY, United States",2022-01-25T15:00:00,42.2,35.9,21.6,43.6,0,0,,0,0,18.2,11.2,293,1014.3,88.8,9.9,164,0.6,2,10,Partially cloudy,partly-cloudy-day,"72505394728,KLGA,F1417,KNYC,72503014732"
"New York, NY, United States",2022-01-25T16:00:00,40.1,34.8,22.5,48.92,0,0,,0,0,16.1,8,300,1015.1,43.6,9.9,156,0.6,2,10,Partially cloudy,partly-cloudy-day,"72505394728,KLGA,F1417,KNYC,72503014732"
"New York, NY, United States",2022-01-25T17:00:00,39.5,33.8,20.3,45.76,0,0,,0,0,15.4,8.3,293,1015.8,13.4,9.9,24,0.1,0,10,Clear,clear-day,"72505394728,KLGA,F1417,KNYC,72503014732"
"New York, NY, United States",2022-01-25T18:00:00,36.3,31.4,20.9,53.34,0,0,,0,0,18.6,5.9,320,1017.1,7.2,9.9,1,0,0,10,Clear,clear-night,"72505394728,KLGA,F8726,KNYC,72503014732"
"New York, NY, United States",2022-01-25T19:00:00,35.3,27.9,17.9,48.62,0,0,,0,0,19.5,9.8,308,1018.2,7.2,9.9,0,,0,10,Clear,clear-night,"72505394728,KLGA,KNYC,72503014732"
"New York, NY, United States",2022-01-25T20:00:00,33.7,28.6,16.1,48.03,0,0,,0,0,21.5,5.5,340,1019,7.2,9.9,0,,0,10,Clear,clear-night,"72505394728,KLGA,KNYC,72503014732"
"New York, NY, United States",2022-01-25T21:00:00,32.5,26.7,14,45.9,0,0,,0,0,22.8,6.2,320,1019.8,7.2,9.9,0,,0,10,Clear,clear-night,"72505394728,KLGA,KNYC,72503014732"
"New York, NY, United States",2022-01-25T22:00:00,31.5,26.2,12.5,44.88,0,0,,0,0,19.5,5.2,340,1020.7,7.2,9.9,0,,0,10,Clear,clear-night,"72505394728,KLGA,KNYC,72503014732"
"New York, NY, United States",2022-01-25T23:00:00,30.5,23.4,11.3,44.25,0,0,,0,0,15.4,7.3,303,1021,7.2,9.9,0,,0,10,Clear,clear-night,"72505394728,KLGA,KNYC,72503014732"
"New York, NY, United States",2022-01-26T00:00:00,29.3,20.3,9,41.96,0,0,,0,0,14.5,10.1,347,1021.4,7.2,9.9,0,,0,10,Clear,clear-night,"72505394728,KLGA,KNYC,72503014732"
"New York, NY, United States",2022-01-26T01:00:00,27.5,18.5,8.1,43.28,0,0,,0,0,15.7,9.4,340,1021.9,7.2,9.9,0,,0,10,Clear,clear-night,"72505394728,KLGA,KNYC,72503014732"
"New York, NY, United States",2022-01-26T02:00:00,25.6,17.6,6.4,43.5,0,0,,0,0,17,7.2,330,1022.4,7.2,9.9,0,,0,10,Clear,clear-night,"72505394728,KLGA,KNYC,72503014732"
"New York, NY, United States",2022-01-26T03:00:00,24.7,13.2,5.5,43.4,0,0,,0,0,15.7,12.8,340,1023.3,7.2,9.9,0,,0,10,Clear,clear-night,"72505394728,KLGA,KNYC,72503014732"
"New York, NY, United States",2022-01-26T04:00:00,23.5,15.2,5.3,45.02,0,0,,0,0,12.1,7.2,320,1023.5,7.2,9.9,0,,0,10,Clear,clear-night,"72505394728,KLGA,KNYC,72503014732"
"New York, NY, United States",2022-01-26T05:00:00,23.5,23.5,5.9,46.17,0,0,,0,0,16.6,2.5,349,1024.1,7.2,9.9,0,,0,10,Clear,clear-night,"72505394728,KLGA,KNYC,72503014732"
"New York, NY, United States",2022-01-26T06:00:00,22.5,11.8,7.1,51.07,0,0,,0,0,12.8,10.1,305,1024.9,7.2,9.9,0,,0,10,Clear,clear-night,"72505394728,KLGA,KNYC,72503014732"
"New York, NY, United States",2022-01-26T07:00:00,21.5,11,7.1,53.22,0,0,,0,0,14.8,9.5,308,1025.6,7.2,9.9,2,0,0,10,Clear,clear-night,"72505394728,KLGA,F8726,KNYC,72503014732"
"New York, NY, United States",2022-01-26T08:00:00,21.5,9.9,7.3,53.87,0,0,,0,0,14.5,11.4,330,1026.8,7.2,9.9,22,0.1,0,10,Clear,clear-day,"72505394728,KLGA,F1417,KNYC,72503014732"
"New York, NY, United States",2022-01-26T09:00:00,21.5,16.3,4.7,47.76,0,0,,0,0,16.6,3.7,349,1027.7,7.2,9.9,151,0.5,2,10,Clear,clear-day,"72505394728,KLGA,F1417,KNYC,72503014732"
"New York, NY, United States",2022-01-26T10:00:00,23.5,15.5,3.5,41.41,0,0,,0,0,14.3,6.7,330,1028.1,7.2,9.9,291,1,3,10,Clear,clear-day,"72505394728,KLGA,F1417,KNYC,72503014732"
"New York, NY, United States",2022-01-26T11:00:00,24.7,15.8,0.1,33.76,0,0,,0,0,16.7,8.1,340,1028.3,7.2,9.9,498,1.8,5,10,Clear,clear-day,"72505394728,KLGA,F1417,KNYC,72503014732"
"New York, NY, United States",2022-01-26T12:00:00,25.3,14.5,-0.7,31.65,0,0,,0,0,20.8,11.8,301,1027.3,7.2,9.9,553,2,6,10,Clear,clear-day,"72505394728,KLGA,F1417,KNYC,72503014732"
"New York, NY, United States",2022-01-26T13:00:00,26.3,16,-1.5,29.28,0,0,,0,0,25.3,11.3,330,1026.8,7.2,9.9,550,2,6,10,Clear,clear-day,"72505394728,KLGA,F1417,KNYC,72503014732"
"New York, NY, United States",2022-01-26T14:00:00,26.6,15.6,-1.2,29.29,0,0,,0,0,23.8,12.8,308,1026.6,7.2,9.9,482,1.7,5,10,Clear,clear-day,"72505394728,KLGA,F1417,KNYC,72503014732"
"New York, NY, United States",2022-01-26T15:00:00,26.6,15.7,-2.1,28.02,0,0,,0,0,23,12.7,307,1026.7,7.2,9.9,365,1.3,4,10,Clear,clear-day,"72505394728,KLGA,F1417,KNYC,72503014732"
"New York, NY, United States",2022-01-26T16:00:00,27.3,15.6,-2.1,27.27,0,0,,0,0,17.9,15,310,1027.1,7.2,9.9,191,0.7,2,10,Clear,clear-day,"72505394728,KLGA,F1417,KNYC,72503014732"
"New York, NY, United States",2022-01-26T17:00:00,25.9,17.6,-2.9,27.79,0,0,,0,0,17.2,7.7,330,1027.8,7.2,9.9,26,0.1,0,10,Clear,clear-day,"72505394728,KLGA,F1417,KNYC,72503014732"
"New York, NY, United States",2022-01-26T18:00:00,25.6,15.2,-2.4,28.92,0,0,,0,0,16.8,11,352,1028.9,7.2,9.9,2,0,0,10,Clear,clear-night,"72505394728,KLGA,F8726,KNYC,72503014732"
"New York, NY, United States",2022-01-26T19:00:00,25.3,15.7,-3.2,28.11,0,0,,0,0,16.1,9.6,318,1030.5,0,9.9,0,,0,10,Clear,clear-night,"72505394728,KLGA,KNYC,72503014732"
"New York, NY, United States",2022-01-26T20:00:00,24.4,24.4,-2.4,30.37,0,0,,0,0,17,2.5,352,1030.5,0,9.9,0,,0,10,Clear,clear-night,"72505394728,KLGA,KNYC,72503014732"
"New York, NY, United States",2022-01-26T21:00:00,23.3,16,-2.4,31.81,0,0,,0,0,11.6,5.9,10,1031,0,9.9,0,,0,10,Clear,clear-night,"72505394728,KLGA,KNYC,72503014732"
"New York, NY, United States",2022-01-26T22:00:00,22.1,12.7,-1.9,34.24,0,0,,0,0,9.2,8.1,40,1031.9,0,9.9,0,,0,10,Clear,clear-night,"72505394728,KLGA,KNYC,72503014732"
"New York, NY, United States",2022-01-26T23:00:00,21.2,21.2,-0.7,37.69,0,0,,0,0,11.4,2.2,11,1031.5,0,9.9,0,,0,10,Clear,clear-night,"72505394728,KLGA,KNYC,72503014732"
"New York, NY, United States",2022-01-27T00:00:00,20.3,11.9,-0.9,38.72,0,0,,0,0,11.9,6.4,47,1031.6,0,9.9,0,,0,10,Clear,clear-night,"72505394728,KLGA,KNYC,72503014732"
"New York, NY, United States",2022-01-27T01:00:00,20.3,10.9,0.5,41.44,0,0,,0,0,12.1,7.5,47,1031.6,0,9.9,0,,0,10,Clear,clear-night,"72505394728,KLGA,KNYC,72503014732"
"New York, NY, United States",2022-01-27T02:00:00,19.4,12.3,-1.2,39.72,0,0,,0,0,10.1,4.9,30,1031.8,7.2,9.9,0,,0,10,Clear,clear-night,"72505394728,KLGA,KNYC,72503014732"
"New York, NY, United States",2022-01-27T03:00:00,18.3,9,-0.1,43.74,0,0,,0,0,10.7,6.9,59,1031.8,7.2,9.9,0,,0,10,Clear,clear-night,"72505394728,KLGA,KNYC,72503014732"
"New York, NY, United States",2022-01-27T04:00:00,18.3,10.4,3.3,51.44,0,0,,0,0,7.8,5.5,73,1031.6,7.2,9.9,0,,0,10,Clear,clear-night,"72505394728,KLGA,KNYC,72503014732"
"New York, NY, United States",2022-01-27T05:00:00,18.3,13.2,2.3,48.94,0,0,,0,0,6.3,3.4,70,1031.5,7.2,9.9,0,,0,10,Clear,clear-night,"72505394728,KLGA,KNYC,72503014732"
"New York, NY, United States",2022-01-27T06:00:00,19.1,14,2.5,47.73,0,0,,0,0,7.2,3.4,99,1031.7,7.2,9.9,0,,0,10,Clear,clear-night,"72505394728,KLGA,KNYC,72503014732"
"New York, NY, United States",2022-01-27T07:00:00,19.1,12.8,4.1,51.45,0,0,,0,0,9.8,4.3,100,1032.1,7.2,9.9,2,0,0,10,Clear,clear-night,"72505394728,KLGA,F8726,KNYC,72503014732"
"New York, NY, United States",2022-01-27T08:00:00,20.3,12.2,4.4,49.68,0,0,,0,0,8.9,6.1,80,1032,7.2,9.9,29,0.1,0,10,Clear,clear-day,"72505394728,KLGA,F1417,KNYC,72503014732"
"New York, NY, United States",2022-01-27T09:00:00,21.8,12.9,3.3,44.23,0,0,,0,0,7.2,7.5,87,1031.7,7.2,9.9,158,0.6,2,10,Clear,clear-day,"72505394728,KLGA,F1417,KNYC,72503014732"
"New York, NY, United States",2022-01-27T10:00:00,24.2,24.2,3.1,39.6,0,0,,0,0,11.2,1.6,54,1031.5,7.2,9.9,309,1.1,3,10,Clear,clear-day,"72505394728,KLGA,F1417,KNYC,72503014732"
"New York, NY, United States",2022-01-27T11:00:00,27,19.7,5.5,39.47,0,0,,0,0,11,6.7,160,1031.1,7.2,9.9,503,1.8,5,10,Clear,clear-day,"72505394728,KLGA,F1417,KNYC,72503014732"
"New York, NY, United States",2022-01-27T12:00:00,28.1,21.7,8.7,43.49,0,0,,0,0,11.2,5.9,150,1030.1,43.9,9.9,567,2,6,10,Partially cloudy,partly-cloudy-day,"72505394728,KLGA,F1417,KNYC,72503014732"
"New York, NY, United States",2022-01-27T13:00:00,29.5,21.5,9,41.55,0,0,,0,0,15.2,8.6,228,1029.1,78.4,9.9,574,2.1,6,10,Partially cloudy,partly-cloudy-day,"72505394728,KLGA,F1417,KNYC,72503014732"
"New York, NY, United States",2022-01-27T14:00:00,30.5,23.4,11.9,45.57,0,0,,0,0,20.8,7.4,180,1027.5,88.8,9.9,492,1.8,5,10,Partially cloudy,partly-cloudy-day,"72505394728,KLGA,F1417,KNYC,72503014732"
"New York, NY, United States",2022-01-27T15:00:00,30.8,24.5,14,49.18,0,0,,0,0,14.8,6.5,170,1026.5,88.8,9.9,346,1.2,3,10,Partially cloudy,partly-cloudy-day,"72505394728,KLGA,F1417,KNYC,72503014732"
"New York, NY, United States",2022-01-27T16:00:00,31.1,24.2,13.7,47.91,0,0,,0,0,13.6,7.3,180,1025.9,50,9.9,194,0.7,2,10,Partially cloudy,partly-cloudy-day,"72505394728,KLGA,F1417,KNYC,72503014732"
"New York, NY, United States",2022-01-27T17:00:00,31.1,25.9,13.1,46.8,0,0,,0,0,12.3,5.2,170,1025.4,13.4,9.9,27,0.1,0,10,Clear,clear-day,"72505394728,KLGA,F1417,KNYC,72503014732"
"New York, NY, United States",2022-01-27T18:00:00,30.9,25.3,14,49.1,0,0,,0,0,11.2,5.5,190,1025.6,22.4,6.7,1,0,0,10,Partially cloudy,partly-cloudy-night,"72505394728,KLGA,F8726,KNYC,72503014732"
"New York, NY, United States",2022-01-27T19:00:00,31.1,22.8,9.7,40.1,0,0,,0,0,11.9,9.8,244,1025.1,7.2,9.9,0,,0,10,Clear,clear-night,"72505394728,KLGA,KNYC,72503014732"
"New York, NY, United States",2022-01-27T20:00:00,30.5,25.1,8.1,38.45,0,0,,0,0,13.4,5.2,190,1024.1,13.4,9.9,0,,0,10,Clear,clear-night,"72505394728,KLGA,KNYC,72503014732"
"New York, NY, United States",2022-01-27T21:00:00,30.2,23.1,10.6,43.52,0,0,,0,0,12.8,7.2,200,1024.4,23.8,9.9,0,,0,10,Partially cloudy,partly-cloudy-night,"72505394728,KLGA,KNYC,72503014732"
"New York, NY, United States",2022-01-27T22:00:00,30.2,23.5,8.1,38.84,0,0,,0,0,14.1,6.7,210,1024.2,97,9.9,0,,0,10,Overcast,cloudy,"72505394728,KLGA,KNYC,72503014732"
"New York, NY, United States",2022-01-27T23:00:00,30.5,22.3,8.7,39.51,0,0,,0,0,18.3,9.2,249,1023.9,100,9.9,0,,0,10,Overcast,cloudy,"72505394728,KLGA,KNYC,72503014732"
"New York, NY, United States",2022-01-28T00:00:00,30.5,26,9,39.94,0,0,,0,0,19.7,4.3,220,1023.3,100,9.9,0,,0,10,Overcast,cloudy,"72505394728,KLGA,KNYC,72503014732"
"New York, NY, United States",2022-01-28T01:00:00,30.5,25.4,9.8,41.49,0,0,,0,0,16.8,4.9,230,1022.7,100,9.9,0,,0,10,Overcast,cloudy,"72505394728,KLGA,KNYC,72503014732"
"New York, NY, United States",2022-01-28T02:00:00,30.2,20.2,10.8,43.86,0,0,,0,0,17.7,12.8,220,1022.1,100,9.9,0,,0,10,Overcast,cloudy,"72505394728,KLGA,KNYC,72503014732"
"New York, NY, United States",2022-01-28T03:00:00,31.1,31.1,11.7,43.9,0,0,,0,0,12.8,1.9,303,1021.6,100,9.9,0,,0,10,Overcast,cloudy,"72505394728,KLGA,KNYC,72503014732"
"New York, NY, United States",2022-01-28T04:00:00,30.5,23,11.9,45.57,0,0,,0,0,14.5,8.1,237,1020.9,100,9.9,0,,0,10,Overcast,cloudy,"72505394728,KLGA,KNYC,72503014732"
"New York, NY, United States",2022-01-28T05:00:00,30.5,23.4,12.8,47.41,0,0,,0,0,11.9,7.5,259,1020.8,100,9.9,0,,0,10,Overcast,cloudy,"72505394728,KLGA,KNYC,72503014732"
"New York, NY, United States",2022-01-28T06:00:00,30.5,25.9,12.8,47.41,0,0,,0,0,12.3,4.3,255,1020.8,100,9.9,0,,0,10,Overcast,cloudy,"72505394728,KLGA,KNYC,72503014732"
"New York, NY, United States",2022-01-28T07:00:00,31.1,26.7,13.1,46.8,0,0,,0,0,7.4,4.3,210,1020.7,100,9.9,1,0,0,10,Overcast,cloudy,"72505394728,KLGA,F8726,KNYC,72503014732"
"New York, NY, United States",2022-01-28T08:00:00,30.2,25.6,18.8,62.29,0,0,,0,0,7.4,4.3,273,1021.2,100,2.7,21,0.1,0,10,Overcast,cloudy,"72505394728,KLGA,F1417,KNYC,72503014732"
"New York, NY, United States",2022-01-28T09:00:00,29.3,29.3,22.4,75.33,0.003,100,"rain,snow",0,0,5.6,0.9,352,1020.9,100,1.4,60,0.2,1,10,"Snow, Rain, Overcast",snow,"72505394728,KLGA,F1417,KNYC,72503014732"
"New York, NY, United States",2022-01-28T10:00:00,30.2,30.2,24.8,80.28,0.01,100,"rain,snow",0,0,8.1,1.6,0,1020.9,100,1.4,123,0.4,1,10,"Snow, Rain, Overcast",snow,"72505394728,KLGA,F1417,KNYC,72503014732"
"New York, NY, United States",2022-01-28T11:00:00,31.1,31.1,24.8,77.19,0.002,100,"rain,snow",0,0,3.6,1.4,316,1021,100,2.6,75,0.3,1,10,"Snow, Rain, Overcast",snow,"72505394728,KLGA,F1417,KNYC,72503014732"
"New York, NY, United States",2022-01-28T12:00:00,31.5,31.5,26.1,80.25,0.004,100,"rain,snow",0,0,2.5,0.9,15,1020.3,100,1.9,91,0.3,1,10,"Snow, Rain, Overcast",snow,"72505394728,KLGA,F1417,KNYC,72503014732"
"New York, NY, United States",2022-01-28T13:00:00,31.7,31.7,25.8,78.6,0,0,,0,0,2.2,0.9,0,1019.4,100,2.2,139,0.5,1,10,Overcast,cloudy,"72505394728,KLGA,F1417,KNYC,72503014732"
"New York, NY, United States",2022-01-28T14:00:00,32.3,32.3,26.5,78.82,0,0,,0,0,2.7,1.3,15,1019,100,2.8,97,0.3,1,10,Overcast,cloudy,"72505394728,KLGA,F1417,KNYC,72503014732"
"New York, NY, United States",2022-01-28T15:00:00,32.3,28.1,26.7,79.7,0,0,,0,0,4.3,4.3,50,1018.1,100,3.7,69,0.2,1,10,Overcast,cloudy,"72505394728,KLGA,F1417,KNYC,72503014732"
"New York, NY, United States",2022-01-28T16:00:00,32.3,26.5,26.3,78.34,0,0,,0,0,5.4,6.1,38,1018.1,100,3.1,25,0.1,0,10,Overcast,cloudy,"72505394728,KLGA,F1417,KNYC,72503014732"
"New York, NY, United States",2022-01-28T17:00:00,32.3,25.7,25.3,75.23,0,0,,0,0,8.7,7.3,50,1017.5,100,4.6,8,0,0,10,Overcast,cloudy,"72505394728,KLGA,F1417,KNYC,72503014732"
"New York, NY, United States",2022-01-28T18:00:00,32.3,24.6,26.3,78.34,0,0,,0,0,12.5,9,40,1017.3,100,6.4,20,0.1,0,10,Overcast,cloudy,"72505394728,E5816,KLGA,KNYC,72503014732"
"New York, NY, United States",2022-01-28T19:00:00,32.3,25.2,26.7,79.7,0,0,,0,0,14.1,8,45,1017,100,4.1,0,,0,10,Overcast,cloudy,"72505394728,KLGA,KNYC,72503014732"
"New York, NY, United States",2022-01-28T20:00:00,31.1,23.2,25.3,78.84,0,0,,0,0.04,17.2,9,53,1017.2,100,1.2,0,,0,10,Overcast,cloudy,"72505394728,KLGA,KNYC,72503014732"
"New York, NY, United States",2022-01-28T21:00:00,30.2,21.3,26.1,84.54,0.02,100,"rain,snow",0,0.24,16.1,10.3,30,1016.7,100,1.2,0,,0,10,"Snow, Rain, Overcast",snow,"72505394728,KLGA,KNYC,72503014732"
"New York, NY, United States",2022-01-28T22:00:00,30.2,21.2,26.1,84.54,0.007,100,"rain,snow",0,0.43,20.2,10.5,29,1015.6,100,1,0,,0,10,"Snow, Rain, Overcast",snow,"72505394728,KLGA,KNYC,72503014732"
"New York, NY, United States",2022-01-28T23:00:00,30.2,20,26.1,84.54,0.022,100,"rain,snow",0,0.63,21.7,13,35,1014.3,100,0.8,0,,0,10,"Snow, Rain, Overcast",snow,"72505394728,KLGA,KNYC,72503014732"
"New York, NY, United States",2022-01-29T00:00:00,29.3,20.4,26.3,88.69,0.031,100,"rain,snow",0,1.02,17.2,9.9,20,1013.4,100,0.6,0,,0,10,"Snow, Rain, Overcast",snow,"72505394728,KLGA,KNYC,72503014732"
"New York, NY, United States",2022-01-29T01:00:00,27.3,17.8,24.4,88.77,0.051,100,snow,0,1.97,19,10.2,19,1012,100,0.6,0,,0,10,"Snow, Overcast",snow,"72505394728,KLGA,KNYC,72503014732"
"New York, NY, United States",2022-01-29T02:00:00,24.7,14.4,21.8,88.73,0.067,100,snow,0,2.13,19.7,10.5,5,1011.1,100,0.2,0,,0,10,"Snow, Overcast",snow,"72505394728,KLGA,KNYC,72503014732"
"New York, NY, United States",2022-01-29T03:00:00,23.5,12.1,20.9,89.57,0.063,100,snow,0,3.15,21.9,12.1,5,1010,100,0.2,0,,0,10,"Snow, Overcast",snow,"72505394728,KLGA,KNYC,72503014732"
"New York, NY, United States",2022-01-29T04:00:00,21.6,9.3,18.4,87.56,0.035,100,snow,0,3.94,27.7,12.7,2,1008.5,100,0.4,0,,0,10,"Snow, Overcast",snow,"72505394728,KLGA,KNYC,72503014732"
"New York, NY, United States",2022-01-29T05:00:00,21.2,8.7,17.7,86.35,0.052,100,snow,0,4.21,25.4,12.9,340,1007,100,0.6,0,,0,10,"Snow, Overcast",snow,"72505394728,KLGA,KNYC,72503014732"
"New York, NY, United States",2022-01-29T06:00:00,20.3,5.6,16.8,86.19,0.039,100,snow,0,5.12,30.8,17.2,5,1006,100,0.6,0,,0,10,"Snow, Overcast",snow,"72505394728,KLGA,KNYC,72503014732"
"New York, NY, United States",2022-01-29T07:00:00,19.1,5.4,15.5,85.55,0.041,100,snow,0,5.91,29.6,14.3,350,1005.2,100,0.2,1,0,0,10,"Snow, Overcast",snow,"72505394728,KLGA,F8726,KNYC,72503014732"
"New York, NY, United States",2022-01-29T08:00:00,16.6,2.3,12.2,82.46,0.049,100,snow,0,6.38,28.8,14,7,1006.2,100,0.6,12,0,0,10,"Snow, Overcast",snow,"72505394728,KLGA,F1417,KNYC,72503014732"
"New York, NY, United States",2022-01-29T09:00:00,16.3,1.3,11.9,82.44,0.033,100,snow,0,6.85,26.9,15.5,343,1005.9,100,0.6,31,0.1,0,10,"Snow, Overcast",snow,"72505394728,KLGA,F1417,KNYC,72503014732"
"New York, NY, United States",2022-01-29T10:00:00,15.7,0.8,11.3,82.39,0.036,100,snow,0,7.09,30.2,14.8,347,1005.7,100,0.6,42,0.2,0,10,"Snow, Overcast",snow,"72505394728,KLGA,F1417,KNYC,72503014732"
"New York, NY, United States",2022-01-29T11:00:00,16.3,0.5,11.3,80.07,0.036,100,snow,0,7.91,29.2,17.2,345,1005.7,100,0.6,57,0.2,1,10,"Snow, Overcast",snow,"72505394728,KLGA,F1417,KNYC,72503014732"
"New York, NY, United States",2022-01-29T12:00:00,16.6,2,11.9,81.59,0.031,100,snow,0,7.87,25.3,14.6,337,1005.1,100,0.6,70,0.3,1,10,"Snow, Overcast",snow,"72505394728,KLGA,F1417,KNYC,72503014732"
"New York, NY, United States",2022-01-29T13:00:00,16.6,1.4,11.3,79.24,0.043,100,snow,0,9.06,28.5,16,308,1003.3,100,0.6,77,0.3,1,10,"Snow, Overcast",snow,"72505394728,KLGA,F1417,KNYC,72503014732"
"New York, NY, United States",2022-01-29T14:00:00,18.3,3.3,12.8,78.88,0.014,100,snow,0,8.9,25.6,16.5,305,1002.4,100,0.6,96,0.3,1,10,"Snow, Overcast",snow,"72505394728,KLGA,F1417,KNYC,72503014732"
"New York, NY, United States",2022-01-29T15:00:00,19.6,4.8,11.7,71.05,0.004,100,snow,0,8.94,27.4,17.1,307,1002.8,100,2,86,0.3,1,10,"Snow, Overcast",snow,"72505394728,KLGA,F1417,KNYC,72503014732"
"New York, NY, United States",2022-01-29T16:00:00,19.6,5.6,2.9,47.62,0,0,,0,8.94,26.6,15.2,300,1002.6,100,9.9,49,0.2,0,10,Overcast,cloudy,"72505394728,KLGA,F1417,KNYC,72503014732"
"New York, NY, United States",2022-01-29T17:00:00,19.6,4.4,0.1,41.8,0,0,,0,8.9,31.6,18.2,300,1003,100,9.9,18,0.1,0,10,Overcast,cloudy,"72505394728,KLGA,F1417,KNYC,72503014732"
"New York, NY, United States",2022-01-29T18:00:00,19.6,5.3,-1.9,38.11,0,0,,0,8.82,28,16,310,1003.5,100,9.9,1,0,0,10,Overcast,cloudy,"72505394728,KLGA,F8726,KNYC,72503014732"
"New York, NY, United States",2022-01-29T19:00:00,19.6,4.8,-2.1,37.61,0,0,,0,7.87,28.1,17.1,310,1004.2,100,9.9,0,,0,10,Overcast,cloudy,"72505394728,KLGA,KNYC,72503014732"
"New York, NY, United States",2022-01-29T20:00:00,18.5,2.9,-2.1,39.4,0,0,,0,8.7,29.9,18.5,300,1005.7,91.8,9.9,0,,0,10,Overcast,cloudy,"72505394728,KLGA,KNYC,72503014732"
"New York, NY, United States",2022-01-29T21:00:00,16.6,0.9,-4.6,38.16,0,0,,0,8.66,29.9,17.2,305,1007,63.4,9.9,0,,0,10,Partially cloudy,partly-cloudy-night,"72505394728,KLGA,KNYC,72503014732"
"New York, NY, United States",2022-01-29T22:00:00,14.8,-0.4,-5.2,39.98,0,0,,0,8.62,27,15,305,1008.3,23.8,9.9,0,,0,10,Partially cloudy,partly-cloudy-night,"72505394728,KLGA,KNYC,72503014732"
"New York, NY, United States",2022-01-29T23:00:00,13.7,-2.8,-6.6,39.18,0,0,,0,8.58,26.8,16.9,303,1009.4,23.8,9.9,0,,0,10,Partially cloudy,partly-cloudy-night,"72505394728,KLGA,KNYC,72503014732"
"New York, NY, United States",2022-01-30T00:00:00,12.8,-4.6,-7.4,39.27,0,0,,0,8.54,28.1,18.5,310,1009.9,23.8,9.9,0,,0,10,Partially cloudy,partly-cloudy-night,"72505394728,KLGA,KNYC,72503014732"
"New York, NY, United States",2022-01-30T01:00:00,12.8,-0.5,-5.1,43.88,0,0,,0,7.09,27.2,10.6,310,1010.2,13.4,9.9,0,,0,10,Clear,clear-night,"72505394728,KLGA,KNYC,72503014732"
"New York, NY, United States",2022-01-30T02:00:00,13.5,-1.6,-4.2,44.51,0,0,,0,8.46,24.2,13.9,300,1010.7,7.2,9.9,0,,0,10,Clear,clear-night,"72505394728,KLGA,KNYC,72503014732"
"New York, NY, United States",2022-01-30T03:00:00,13.5,4,-2.1,49.1,0,0,,0,8.46,33.3,6.2,341,1011.2,7.2,9.9,0,,0,10,Clear,clear-night,"72505394728,KLGA,KNYC,72503014732"
"New York, NY, United States",2022-01-30T04:00:00,12.8,0.8,-1.5,52.14,0,0,,0,8.43,24.2,8.9,320,1011.6,7.2,9.9,0,,0,10,Clear,clear-night,"72505394728,KLGA,KNYC,72503014732"
"New York, NY, United States",2022-01-30T05:00:00,13.7,1.3,-1.7,49.55,0,0,,0,8.43,26.4,9.7,303,1012.2,7.2,9.9,0,,0,10,Clear,clear-night,"72505394728,KLGA,KNYC,72503014732"
"New York, NY, United States",2022-01-30T06:00:00,13.7,0.8,-1.7,49.55,0,0,,0,8.43,27.7,10.3,310,1013.1,7.2,9.9,0,,0,10,Clear,clear-night,"72505394728,KLGA,KNYC,72503014732"
"New York, NY, United States",2022-01-30T07:00:00,13.5,1,-0.9,51.98,0,0,,0,7.09,20.8,9.6,285,1014.3,7.2,9.9,7,0,0,10,Clear,clear-night,"72505394728,KLGA,F1417,KNYC,72503014732"
"New York, NY, United States",2022-01-30T08:00:00,13.7,1.3,0.5,55.06,0,0,,0,8.39,18.3,9.6,278,1015.6,13.4,9.9,45,0.2,0,10,Clear,clear-day,"72505394728,KLGA,F1417,KNYC,72503014732"
"New York, NY, United States",2022-01-30T09:00:00,14.8,5.3,1.3,54.35,0,0,,0,8.35,20.8,6.5,271,1016.3,13.4,9.9,121,0.4,1,10,Clear,clear-day,"72505394728,KLGA,F1417,KNYC,72503014732"
"New York, NY, United States",2022-01-30T10:00:00,16.6,4,1.5,50.9,0,0,,0,8.31,20.8,11,285,1016.4,13.4,9.9,342,1.2,3,10,Clear,clear-day,"72505394728,KLGA,F1417,KNYC,72503014732"
"New York, NY, United States",2022-01-30T11:00:00,19.4,6.5,2.3,46.71,0,0,,0,8.23,18.5,12.8,278,1016.9,7.2,9.9,530,1.9,5,10,Clear,clear-day,"72505394728,KLGA,F1417,KNYC,72503014732"
"New York, NY, United States",2022-01-30T12:00:00,20.8,9.7,2.8,45.05,0,0,,0,8.11,16.1,10.2,281,1016.2,7.2,9.9,583,2.1,6,10,Clear,clear-day,"72505394728,KLGA,F1417,KNYC,72503014732"
"New York, NY, United States",2022-01-30T13:00:00,23.5,13.4,3.1,40.76,0,0,,0,7.09,13.9,9.8,281,1015.4,0,9.9,576,2.1,6,10,Clear,clear-day,"72505394728,KLGA,F1417,KNYC,72503014732"
"New York, NY, United States",2022-01-30T14:00:00,24.7,15.3,2.5,37.8,0,0,,0,7.95,13.6,9,278,1015.2,0,9.9,510,1.8,5,10,Clear,clear-day,"72505394728,F1417,72503014732"
"New York, NY, United States",2022-01-30T15:00:00,24.9,14.2,3.2,38.54,0,0,,0,7.87,18.3,11.4,275,1015.3,0,9.9,387,1.4,4,10,Clear,clear-day,"72505394728,KLGA,F1417,KNYC,72503014732"
"New York, NY, United States",2022-01-30T16:00:00,26.1,17.2,3.6,37.45,0,0,,0,7.8,12.1,8.6,279,1015.5,0,9.9,211,0.8,2,10,Clear,clear-day,"72505394728,KLGA,F1417,KNYC,72503014732"
"New York, NY, United States",2022-01-30T17:00:00,23.8,14.1,4.7,43.26,0,0,,0,7.76,13.6,9.2,240,1016.4,0,9.9,35,0.1,0,10,Clear,clear-day,"72505394728,KLGA,F1417,KNYC,72503014732"
"New York, NY, United States",2022-01-30T18:00:00,23.5,15.7,3.8,42.08,0,0,,0,7.76,13.9,6.5,250,1017.6,7.2,9.9,2,0,0,10,Clear,clear-night,"72505394728,KLGA,F8726,KNYC,72503014732"
"New York, NY, United States",2022-01-30T19:00:00,23.5,14.3,4.1,42.68,0,0,,0,5.91,13.9,8.4,255,1018.8,13.4,9.9,0,,0,10,Clear,clear-night,"72505394728,KLGA,KNYC,72503014732"
"New York, NY, United States",2022-01-30T20:00:00,24.4,16.6,3.8,40.58,0,0,,0,7.68,16.1,6.7,238,1019.8,23.8,9.9,0,,0,10,Partially cloudy,partly-cloudy-night,"72505394728,KLGA,KNYC,72503014732"
"New York, NY, United States",2022-01-30T21:00:00,23.5,16.3,5.9,46.17,0,0,,0,7.68,11.4,5.9,280,1020.5,23.8,9.9,0,,0,10,Partially cloudy,partly-cloudy-night,"72505394728,KLGA,KNYC,72503014732"
"New York, NY, United States",2022-01-30T22:00:00,23.8,15.6,6.4,46.82,0,0,,0,7.68,8.7,7,310,1021.5,43.6,9.9,0,,0,10,Partially cloudy,partly-cloudy-night,"72505394728,KLGA,KNYC,72503014732"
"New York, NY, United States",2022-01-30T23:00:00,23.5,16.3,4.7,43.75,0,0,,0,7.64,7.4,5.9,293,1022.2,46.6,9.9,0,,0,10,Partially cloudy,partly-cloudy-night,"72505394728,KLGA,KNYC,72503014732"
"New York, NY, United States",2022-01-31T00:00:00,23.5,17.6,4.1,42.68,0,0,,0,7.64,7.6,4.6,315,1022.5,26.7,9.9,0,,0,10,Partially cloudy,partly-cloudy-night,"72505394728,KLGA,KNYC,72503014732"
"New York, NY, United States",2022-01-31T01:00:00,23.5,16.3,4.1,42.68,0,0,,0,5.91,8.1,5.8,360,1022.4,88.8,9.9,0,,0,10,Partially cloudy,partly-cloudy-night,"72505394728,KLGA,KNYC,72503014732"
"New York, NY, United States",2022-01-31T02:00:00,22.5,22.5,4.1,44.68,0,0,,0,7.64,5.1,1.3,4,1022.8,100,9.9,0,,0,10,Overcast,cloudy,"72505394728,KLGA,KNYC,72503014732"
"New York, NY, United States",2022-01-31T03:00:00,22.5,22.5,3.2,42.73,0,0,,0,7.64,4.3,1.3,8,1023,88.8,9.9,0,,0,10,Partially cloudy,partly-cloudy-night,"72505394728,KLGA,KNYC,72503014732"
"New York, NY, United States",2022-01-31T04:00:00,21.8,21.8,3.8,45.29,0,0,,0,7.64,5.1,1.3,360,1023.5,7.2,9.9,0,,0,10,Clear,clear-night,"72505394728,KLGA,KNYC,72503014732"
"New York, NY, United States",2022-01-31T05:00:00,21.5,16.8,4.5,47.24,0,0,,0,7.64,5.4,3.4,20,1023.8,0,9.9,0,,0,10,Clear,clear-night,"72505394728,KLGA,KNYC,72503014732"
"New York, NY, United States",2022-01-31T06:00:00,20.9,13.5,4.1,47.65,0,0,,0,7.64,7.2,5.5,33,1024.5,0,9.9,0,,0,10,Clear,clear-night,"72505394728,KLGA,KNYC,72503014732"
"New York, NY, United States",2022-01-31T07:00:00,22.1,16.7,4,45.07,0,0,,0,5.91,8.3,4,55,1025.5,7.2,9.9,7,0,0,10,Clear,clear-night,"72505394728,KLGA,F1417,KNYC,72503014732"
"New York, NY, United States",2022-01-31T08:00:00,22.5,22.5,7.2,51.44,0,0,,0,7.64,5.6,1.6,19,1026.1,23.8,9.9,55,0.2,1,10,Partially cloudy,partly-cloudy-day,"72505394728,KLGA,F1417,KNYC,72503014732"
"New York, NY, United States",2022-01-31T09:00:00,24.8,17.9,6.6,45.26,0,0,,0,7.6,3.8,5.8,53,1027.1,23.8,9.9,152,0.5,2,10,Partially cloudy,partly-cloudy-day,"72505394728,KLGA,F1417,KNYC,72503014732"
"New York, NY, United States",2022-01-31T10:00:00,26.1,19.3,8.4,46.56,0,0,,0,7.6,5.1,5.8,75,1027.8,23.8,9.9,258,0.9,3,10,Partially cloudy,partly-cloudy-day,"72505394728,KLGA,F1417,KNYC,72503014732"
"New York, NY, United States",2022-01-31T11:00:00,27,22.3,8.6,45.38,0,0,,0,7.56,2.9,4,60,1028.5,23.8,9.9,385,1.4,4,10,Partially cloudy,partly-cloudy-day,"72505394728,KLGA,F1417,KNYC,72503014732"
"New York, NY, United States",2022-01-31T12:00:00,28.8,21.7,6.9,39,0,0,,0,6.38,4.3,6.9,40,1028.6,23.8,9.9,494,1.8,5,10,Partially cloudy,partly-cloudy-day,"72505394728,KLGA,F1417,KNYC,72503014732"
"New York, NY, United States",2022-01-31T13:00:00,30.3,24.2,8.9,39.96,0,0,,0,5.91,4.3,6.1,37,1028.1,23.8,9.9,571,2.1,6,10,Partially cloudy,partly-cloudy-day,"72505394728,KLGA,F1417,KNYC,72503014732"
"New York, NY, United States",2022-01-31T14:00:00,29.7,29.7,9.3,41.82,0,0,,0,4.09,2.7,1.9,23,1027.8,23.8,9.9,391,1.4,4,10,Partially cloudy,partly-cloudy-day,"72505394728,KLGA,F1417,KNYC,72503014732"
"New York, NY, United States",2022-01-31T15:00:00,29.9,22.8,9,40.85,0,0,,0,3.54,4.7,7.2,62,1027.8,23.8,9.9,338,1.2,3,10,Partially cloudy,partly-cloudy-day,"72505394728,KLGA,F1417,KNYC,72503014732"
"New York, NY, United States",2022-01-31T16:00:00,29.9,24.7,8.7,40.41,0,0,,0,3.39,5.8,4.9,60,1027.9,23.8,9.9,191,0.7,2,10,Partially cloudy,partly-cloudy-day,"72505394728,KLGA,F1417,KNYC,72503014732"
"New York, NY, United States",2022-01-31T17:00:00,28.1,21.7,6.7,39.63,0,0,,0,3.35,6.3,5.9,67,1028.6,13.4,9.9,39,0.1,0,10,Clear,clear-day,"72505394728,KLGA,F1417,KNYC,72503014732"
"New York, NY, United States",2022-01-31T18:00:00,27.3,20.7,5.2,38.37,0,0,,0,3.35,5.8,5.9,50,1029.1,7.2,9.9,2,0,0,10,Clear,clear-night,"72505394728,KLGA,F8726,KNYC,72503014732"
"New York, NY, United States",2022-01-31T19:00:00,27.3,19.6,6.9,41.49,0,0,,0,5.91,8.5,7.2,53,1029.9,7.2,9.9,0,,0,10,Clear,clear-night,"72505394728,KLGA,KNYC,72503014732"
"New York, NY, United States",2022-01-31T20:00:00,26.6,18.6,9.8,48.46,0,0,,0,3.31,7.2,7.5,50,1030.2,7.2,9.9,0,,0,10,Clear,clear-night,"72505394728,KLGA,KNYC,72503014732"
"New York, NY, United States",2022-01-31T21:00:00,26.9,20.8,9.8,47.98,0,0,,0,3.31,5.4,5.3,50,1030.7,7.2,9.9,0,,0,10,Clear,clear-night,"72505394728,KLGA,KNYC,72503014732"
"New York, NY, United States",2022-01-31T22:00:00,27,19.5,11.3,51.07,0,0,,0,3.31,5.8,6.9,65,1031.2,7.2,9.9,0,,0,10,Clear,clear-night,"72505394728,KLGA,KNYC,72503014732"
"New York, NY, United States",2022-01-31T23:00:00,25.1,25.1,11.5,55.86,0,0,,0,3.31,5.4,1.6,27,1031.5,7.2,9.9,0,,0,10,Clear,clear-night,"72505394728,KLGA,KNYC,72503014732"
